,movieNm,audiCnt,director
0,"좋은 놈, 나쁜 놈, 이상한 놈",6684933,나홍진
1,달콤한 인생,71,필리다 로이드
2,라스트 스탠드,66790,강형철
3,밀정,7500420,존 파브로
4,추격자,5046096,ㅈ
5,완벽한 도미요리,25,임순례
6,황해,1497242,김유진
7,맘마미아!,4552475,티무르 베크맘베토브
8,철의 여인,144368,전윤수
9,과속스캔들,4361509,이준익
10,써니,7362657,더그 라이만
11,써니 감독판,90562,이상기
12,타짜-신의 손,4015361,윤인호
13,강철중: 공공의 적 1-1,4313101,스콧 데릭슨
14,이끼,3350303,캐서린 하드윅
15,공공의 적,137,"스티브 히크너,사이몬 J.스미스"
16,행복은 성적순이 아니잖아요,6,롭 민코프
17,투캅스,3,민규동
18,마누라 죽이기,1,박현진
19,투캅스 2,1,마이클 패트릭 킹
20,아이언맨,4290816,존 추
21,아이언맨 2,4425003,김정권
22,카우보이 & 에이리언,256346,바즈 루어만
23,정글북,2537438,김태균
24,인디아나 존스 4 : 크리스탈 해골의 왕국,4111753,페이튼 리드
25,이티,7779,"앤디 워쇼스키,래리 워쇼스키"
26,워 호스,102195,정지우
27,죠스,86,류장하
28,미지와의 조우,76,윤종빈
29,1941,41,팀 버튼
30,링컨,137505,마크 레빈
31,쥬라기 공원,43187,톰 바우건
32,캐치 미 이프 유 캔,9,저스틴 채드윅
33,라이언 일병 구하기,0,마크 S. 워터스
34,스파이 브릿지,264872,페르난도 메이렐레스
35,마이 리틀 자이언트,125800,크리스 웨이츠
36,우주전쟁,183,최호
37,미이라 3:황제의 무덤,4090885,빌리 와일더
38,인셉션,5827444,맷 리브스
39,다크 나이트 라이즈,6396528,로저 도널드슨
40,인터스텔라,10105247,정윤철
41,덩케르크,2788732,이경미
42,우리 생애 최고의 순간,4018059,유하
43,우중산책,14,정정화
44,와이키키 브라더스,61,김진영
45,세 친구,14,손태겸
46,남쪽으로 튀어,832894,이윤기
47,신기전,3728430,진가신
48,약속,1,나카타 히데오
49,원티드,2858720,리차드 라그라브네스
50,링컨: 뱀파이어 헌터,344876,윤태윤
51,벤허,1400301,기타무라 류헤이
52,핸콕,2722574,"콜린 스트라우스,그레그 스트라우스"
53,배틀쉽,2241687,여균동
54,딥워터 호라이즌,101303,롭 라이너
55,프롬 파리 위드 러브,369394,데이비드 에이어
56,더 건맨,107444,커스틴 쉐리단
57,미인도,2341521,신한솔
58,식객,1178,김영준
59,미안해 사랑해 고마워,51207,사울 딥
60,아이 엠 넘버 포,654386,김상만
61,스탠딩 업,1,브라이언 버티노
62,트리플 엑스 리턴즈,475309,크리스 카터
63,007 퀀텀 오브 솔러스,2205159,앤 플레쳐
64,연을 쫓는 아이,20244,제임스 마쉬
65,월드 워 Z,5237525,윌리엄 와일러
66,황산벌,63,에드워드 즈윅
67,소원,2711083,페드로 알모도바르
68,키드캅,26,안선경
69,동주,1172641,조정래
70,라디오 스타,72,이즈츠 카즈유키
71,박열,2359206,이충렬
72,표적,2841828,올리비에 메가턴
73,계춘할망,482516,윤제균
74,무방비도시,1600856,김용화
75,적벽대전:거대한 전쟁의 시작,1570703,마이클 베이
76,적벽대전 2 : 최후의 결전,2694436,제임스 카메론
77,종횡사해,127,오우삼
78,첩혈가두,14,최동훈
79,소림문,1,박찬욱
80,영화는 영화다,1311071,박진표
81,사랑은 없다,284,정기훈
82,지구가 멈추는 날,1307068,박대민
83,살인소설,54239,신정원
84,인보카머스,69786,데이빗 핀처
85,트와일라잇,1292332,김용균
86,레드 라이딩 후드,362572,이호재
87,위대한 탄생,680,개빈 후드
88,꿀벌대소동,1236167,박건용
89,플라이페이퍼,40,박희곤
90,천재 강아지 미스터 피바디,385552,가이 리치
91,간신,1110246,대니 보일
92,"10,000 BC",1134364,박신우
93,화이트 하우스 다운,569500,닐 블롬캠프
94,인디펜던스 데이 : 리써전스,1500830,F. 게리 그레이
95,좋아해줘,848148,조나단 모스토우
96,섹스 앤 더 시티,1067550,로베르트 슈벤트케
97,스텝 업 3D,671845,이해준
98,지.아이.조 2,1855917,원태연
99,나우 유 씨 미 2,3100113,저스틴 린
100,초한지 - 천하대전,94652,이종용
101,금의위 : 14 검의 비밀,8589,케빈 탄차로엔
102,흑협,5600,알란 파커
103,도묘필기: 미이라의 부활,63,김한민
104,인크레더블 헐크,991417,정용기
105,트랜스포터 엑스트림,0,잭 스나이더
106,타이탄,2642483,이안 소프틀리
107,나우 유 씨 미 : 마술사기단,2718227,홍기선
108,바보,967654,이재용
109,동감,1,패트릭 알레산드렝
110,오스트레일리아,945067,마이클 만
111,위대한 개츠비,1445248,스티븐 달드리
112,GP 506,936945,제임스 왕
113,알포인트,275,테리 길리엄
114,맨발의 꿈,331945,최진호
115,"연애의 발동 : 상해 여자, 부산 남자",273,가버 추보
116,박봉곤 가출사건,0,토니 스콧
117,예스맨,818604,쿠엔틴 타란티노
118,매트릭스,8007,강석범
119,모던보이,762337,데이빗 토히
120,해피엔드,27,P.J. 호건
121,사랑니,16,"브라이언 테일러,마크 네빌딘"
122,은교,1346359,허진호
123,4등,38611,샘 레이미
124,침묵,494097,그리핀 던
125,순정만화,731706,황수아
126,비스티 보이즈,719581,데이빗 S. 고이어
127,범죄와의 전쟁: 나쁜놈들 전성시대,4719872,트란 안 홍
128,용서받지 못한 자,90,데이빗 프랭클
129,군도: 민란의 시대,4774931,앤 폰테인
130,스위니 토드 : 어느 잔혹한 이발사 이야기,698306,베티 토머스
131,다크 섀도우,582126,롭 마샬
132,빅 아이즈,85223,김형준
133,미스 페레그린과 이상한 아이들의 집,2718158,이정범
134,슬램,49,장훈
135,퍼스트 그레이더,878,강우석
136,튤립 피버,52144,이재한
137,울학교 이티,652178,강대규
138,눈먼자들의 도시,646826,정상영
139,다찌마와리,628359,김대우
140,부당거래,2722996,류승완
141,짝패,7,김현석
142,아라한 장풍대작전,5,데이빗 예이츠
143,군함도,6592151,김기영
144,뉴 문,1930895,임상수
145,고고 70,594742,김민석
146,빅매치,1177438,데이빗 슬레이드
147,바디 오브 라이즈,589899,김정훈
148,블레이드 러너: 파이널 컷,0,마이크 뉴웰
149,로빈 후드,1570681,크리스 콜럼버스
150,프로메테우스,971482,권혁재
151,델마와 루이스,172,니쉬칸트 카마트
152,카운슬러,133272,아칸 사타예브
153,엑소더스: 신들과 왕들,1511195,김지운
154,마션,4880800,리들리 스콧
155,에이리언: 커버넌트,1307226,리 언크리치
156,뜨거운 것이 좋아,578679,M. 나이트 샤말란
157,싱글즈,42,김영탁
158,클로버필드,558389,강효진
159,혹성탈출: 반격의 서막,4002560,폴 W.S. 앤더슨
160,혹성탈출: 종의 전쟁,2051315,이정호
161,뱅크 잡,557037,장유정
162,노웨이 아웃,73,마틴 스콜세지
163,슈퍼맨이었던 사나이,550282,육상효
164,말아톤,19,플로리안 헨켈 폰 도너스마르크
165,트럭,550195,"콜린 스트로즈,그렉 스트로즈"
166,웨딩드레스,1652,유선동
167,함정,257990,김상진
168,내셔널 트레져:비밀의 책,543996,이정철
169,마법사의 제자,570775,김광식
170,미쓰 홍당무,538943,"자끄 페렝,자크 클로드"
171,잘돼가? 무엇이든,3,손재곤
172,비밀은 없다,250829,김동욱
173,미스트,521299,게리 위닉
174,쌍화점,452560,심형래
175,아기와 나,435940,알렉산더 아야
176,위험한 상견례,2595625,라이언 머피
177,음치 클리닉,338168,신근호
178,나를 믿어줘,206,유성엽
179,마법에 걸린 사랑,429007,"백동훈,김길형"
180,기다리다 미쳐,419687,서극
181,크림슨 피크,46411,조명남
182,"여자, 정혜",0,실베스터 스탤론
183,아주 특별한 손님,48,후메이
184,"사랑한다, 사랑하지 않는다",66680,존 리 행콕
185,남과 여,203775,"키모 스탐보엘,티모 타잔토"
186,디어리스트,96,님로드 안탈
187,데스노트 L: 새로운 시작,355139,올리버 스톤
188,괴담,95,낸시 마이어스
189,"링2(1999년, 일본판)",15,이철하
190,콤플렉스,608,올라턴드 오선샌미
191,몬스터즈,100,이창동
192,애프터 어스,537920,폴 해기스
193,23 아이덴티티,1675819,피터 잭슨
194,라스트 파이브 이어즈,133,수잔나 화이트
195,CJ7:장강7호,312576,이해영
196,색즉시공 시즌2,299326,로랑 티라르
197,고질라 - 파이널 워즈,20,마틴 캠벨
198,노 원 리브스,748,조셉 코신스키
199,루팡 3세 무삭제판,1,윤재근
200,1724 기방난동사건,288424,이재규
201,어퓨굿맨,23,이한
202,퓨리,1362114,브래드 버드
203,헬머니,522929,김석윤
204,마지막 선물,265362,황동혁
205,국가대표 2,709929,숀 레비
206,맥스 페인,258067,조범구
207,스윗 프랑세즈,20694,황인호
208,심야의 F.M.,1208306,루퍼트 와이어트
209,더테너 리리코 스핀토 감독판,12,매튜 본
210,엑스파일:나는 믿고싶다,244023,손영성
211,스텝 업,519,정태원
212,극적인 하룻밤,320884,케네스 브래너
213,어톤먼트,206614,대런 아로노프스키
214,한나,208912,강제규
215,안나 카레니나,284,타셈 싱
216,팬,186174,황병국
217,미러,194216,임찬익
218,피라냐,505836,김태용
219,혼스,17535,김수용
220,오빠생각,1069864,톰 후퍼
221,데스 레이스,159170,이현승
222,레지던트 이블 4: 끝나지 않은 전쟁 3D,1190008,전재홍
223,삼총사 3D,660172,곽경택
224,레지던트 이블 5 : 최후의 심판,558433,변승욱
225,나는 전설이다,137907,베넷 밀러
226,헝거게임: 캣칭 파이어,1125739,앤드류 니콜
227,헝거게임: 더 파이널,806520,이환경
228,헨젤과 그레텔,134072,프랑코 제피렐리
229,마담 뺑덕,471172,킹 비더
230,람보 4 : 라스트 블러드,107929,조 존스톤
231,익스펜더블,390438,J.J. 에이브럼스
232,써티 데이즈 오브 나이트,92687,허종호
233,이클립스,2069246,나타우트 푼프리야
234,어메이징 그레이스,50745,도미닉 세나
235,나니아 연대기: 새벽 출정호의 항해,1140201,박인제
236,스파이 게임,15986,조지 놀피
237,로건,2169109,브래드 퍼맨
238,무림여대생,27714,허인무
239,싸이보그 그녀,20696,미카엘 하프스트롬
240,클래식,401,이반 라이트만
241,시간이탈자,1202384,스티븐 쿼일
242,추적,15928,기옘 모랄레스
243,토르: 천둥의 신,1694562,정지영
244,신데렐라,716491,델머 데이비스
245,헨리 5세,282,권칠인
246,오리엔트 특급 살인,863567,끌로드 를르슈
247,셀프/리스,111127,빅터 플레밍
248,살인자의 기억법,2658589,허안화
249,내가 살인범이다,2729798,애드리안 라인
250,악녀,1208081,윤재구
251,성난 황소,0,추창민
252,더 울프 오브 월스트리트,585082,조스 웨던
253,50년간의 논쟁,35,조성희
254,디파티드,0,마크 웹
255,플라이트,20491,이용주
256,빽 투더 퓨쳐 2,14253,이석훈
257,더 킹,2551,빌 어거스트
258,맨 온 와이어,392,조근현
259,프로젝트 님,96,정병길
260,섀도우 댄서,219,김대승
261,비포 선라이즈,0,변영주
262,비포 선셋,113,김휘
263,에브리바디 원츠 썸!!,7321,김지훈
264,스쿨 오브 락,7905,문현성
265,투어리스트,901843,전계수
266,전투의 매너,1788,"올리비에르 나카체,에릭 토레다노"
267,기억의 밤,1386611,김홍선
268,풍산개,714136,방은진
269,살인재능,1536,신태라
270,트랜스포머 3,7784743,우민호
271,트랜스포머: 사라진 시대,5295836,김동원
272,13시간,145952,임상윤
273,트랜스포머: 최후의 기사,2614601,토니 길로이
274,고스트 맘마,4,우선호
275,디파이언스,692,김용한
276,러브 & 드럭스,527077,스콧 스피어
277,세기의 매치,20448,조나단 리브스만
278,가을의 전설,118,맥지
279,8월의 크리스마스,575,루퍼트 샌더스
280,봄날은 간다,291,박철관
281,외출,130,게리 로스
282,호우시절,287712,애스게르 레스
283,위험한 관계,298086,주앙 세자르 몬테이로
284,MSFF2017 허진호 단편 특별전,125,사이먼 웨스트
285,밀양,321,김동빈
286,초록물고기,51,조쉬 트랭크
287,박하사탕,76,"정범식,임대웅,홍지영,김곡,김선,민규동"
288,검은 집,249,"앤디 워쇼스키,라나 워쇼스키,톰 티크베어"
289,차형사,1346754,후안 안토니오 바요나
290,러브 액츄얼리,233,김성훈
291,어바웃 타임,2856065,로만 폴란스키
292,블러디 선데이,26,마키하라 료타로
293,그린 존,596403,레자 미르카리미
294,캡틴 필립스,241514,조선호
295,제이슨 본,2611966,윤가은
296,슬리더,181,김광태
297,엘리트 스쿼드,176,이우철
298,상하이,269157,최시영
299,더 라이트: 악마는 있다,55561,허정
300,이스케이프 플랜,292892,존 폴슨
301,와일드 영,50,이한욱
302,레버넌트: 죽음에서 돌아온 자,477,봉만대
303,21 그램,112,나현
304,달팽이의 별,137,봉준호
305,달에 부는 바람,33,한재림
306,데쓰 프루프,108,양우석
307,재키 브라운,144,"조의석,김병서"
308,장고:분노의 추적자,260144,마크 포스터
309,헤이트풀8,926,박훈정
310,리튼,103,폴 페이그
311,더 테러 라이브,5584139,이승준
312,우리들의 행복한 시간,100,프리츠 랑
313,파이란,35,김성수
314,무적자,1546132,딘 패리소트
315,역도산,13,리차드 커티스
316,조선마술사,224657,루이스 리테리어
317,하얀전쟁,86,길예르모 델 토로
318,남부군,82,장준환
319,남영동1985,332597,원신연
320,위기의 여자,2267,노덕
321,카트,812490,윤종찬
322,러블리 본즈,208660,조동오
323,호빗: 뜻밖의 여정,2605124,홍지영
324,호빗: 스마우그의 폐허,2115878,안권태
325,반지의 제왕 : 반지원정대 (확장판),35758,제임스 맨골드
326,반지의 제왕 : 왕의 귀환 (확장판),30349,박홍수
327,반지의 제왕 : 두개의 탑 (확장판),27440,다무라 코우스케
328,월드 인베이젼,1307873,크리스토퍼 맥쿼리
329,타이탄의 분노,893027,정연식
330,닌자터틀,400329,제임스 완
331,드림걸즈,52,해럴드 즈워트
332,브레이킹 던 part2,2654817,권호영
333,갓 앤 몬스터,39,이원석
334,미스터 홈즈,6518,"김성호,김휘,정범식,민규동"
335,미녀와 야수,5138328,이현종
336,비지터,489,조용선
337,코블러,41444,고어 버빈스키
338,문프린세스 : 문에이커의 비밀,360195,정익환
339,열두 살의 기억들,50,성룡
340,유감스러운 도시,1532632,하정우
341,R2B: 리턴투베이스,1201944,김제영
342,끝나지 않은 전쟁,12,폴 앤드류 윌리엄스
343,내 친구 정일우,11964,리차드 링클레이터
344,시월애,0,신동엽
345,디워,33,드니 빌뇌브
346,독,30,안톤 후쿠아
347,"1999, 면회",3342,최승호
348,스카우트,22,폴 토마스 앤더슨
349,시라노; 연애조작단,2684783,조의석
350,아이 캔 스피크,3279296,성시흡
351,해운대,11324433,진형태
352,라라 선샤인,17,김태윤
353,헬로우 마이 러브,10783,사토 케이이치
354,연애의 맛,214539,페르난도 코르티조
355,데스 센텐스,14,애비 루트라
356,드래곤볼 에볼루션,419187,이계벽
357,화려한 휴가,14,잉마르 베리만
358,7광구,2242510,박수남
359,천국의 아이들,3514,브라이언 싱어
360,"협녀, 칼의 기억",431310,"조 루소,안소니 루소"
361,스캔들-조선남녀상열지사,5,창
362,여배우들,509309,웨스 볼
363,다세포소녀,8,임찬상
364,죽여주는 여자,121444,한동욱
365,플란다스의 개,90,노암 머로
366,설국열차,9349993,심성보
367,옥자,322157,장진
368,두 얼굴의 여친,0,프란시스 로렌스
369,댄싱퀸,4058225,부지영
370,워낭소리,0,가렛 에드워즈
371,조용한 세상,0,박상준
372,콜롬비아나,598365,트리시 시에
373,플래툰,0,스티브 맥퀸
374,파괴자들,19716,오인천
375,알렉산더,3,박제현
376,스노든,40043,임필성
377,국가대표,8035181,닐 버거
378,국가대표 완결판-못 다한 이야기,357436,오치아이 마사유키
379,터미네이터 2 : 심판의 날 감독판,13664,박범수
380,터미네이터,9,스튜어트 베티
381,터미네이터 2,154,크리스티안 디터
382,디스 민즈 워,873396,스콧 프랭크
383,해리 포터와 혼혈 왕자,2957706,사카모토 코이치
384,해리 포터와 죽음의 성물1,2396988,전형준
385,해리포터와 죽음의 성물2,4400270,필립 드 쇼브홍
386,신비한 동물사전,4662534,존 터틀타웁
387,레전드 오브 타잔,858402,김덕수
388,오드토머스,16555,폴 킹
389,퀴즈왕,573001,정범식
390,아는 여자,8,클린트 이스트우드
391,하이힐,341634,안젤리나 졸리
392,기막힌 사내들,0,권형진
393,전우치,2453883,브라이언 굿맨
394,박쥐,2205600,김학순
395,올드보이,42,장재현
396,달은...해가 꾸는 꿈,0,앨런 테일러
397,스토커,378874,이병헌
398,아가씨,4287839,샘 멘데스
399,아가씨(확장판),12112,모튼 틸덤
400,러시 : 더 라이벌,126994,윤준형
401,파 앤드 어웨이,102,리 워넬
402,열정같은소리하고있네,654102,천성일
403,잭 더 자이언트 킬러,956154,안상훈
404,차우,1778843,오승욱
405,소셜 네트워크,509177,문제용
406,밀레니엄 : 여자를 증오한 남자들,0,김성제
407,나를 찾아줘,1764233,발타자르 코루마쿠르
408,세븐,150,하기호
409,조디악,131,"라나 워쇼스키,앤디 워쇼스키"
410,에이리언3,23,딘 이스라엘리트
411,더 웹툰: 예고살인,1201457,레오 가브리아제
412,원정,0,김아론
413,분홍신,249,알레한드로 곤잘레스 이냐리투
414,작전,1517096,야마자키 타카시
415,"로봇, 소리",476665,조 라이트
416,닌자 어쌔신,1329403,세스 맥팔레인
417,더 레이븐,153581,카밀 들라마레
418,스파이 서바이버,243,러셀 크로우
419,엔더스 게임,166533,안톤 코르빈
420,아이 인 더 스카이,15573,다니엘 에스피노사
421,킹콩을 들다,1262850,롭 레터맨
422,적과의 동침,243094,이윤정
423,인사동 스캔들,1187684,에릭슨 코어
424,셜록홈즈 : 그림자 게임,1289857,연상호
425,스타트렉 다크니스,1605271,팀 밀러
426,스타워즈: 깨어난 포스,2803234,권수경
427,다크시티,93,폴 그린그래스
428,시크릿,1042613,타파스 차크라바르티
429,은밀한 유혹,145547,김태곤
430,빅 미라클,51232,롤랜드 에머리히
431,엘리시움,1207732,더글라스 맥키넌
432,채피,573661,권종관
433,모범시민,796799,곽재용
434,분노의 질주: 더 익스트림,3653238,던칸 존스
435,레드,482053,이언희
436,다이버전트 시리즈: 얼리전트,103556,데이비드 F. 샌드버그
437,나의 독재자,385932,테아 샤록
438,푸시,715887,알렉스 프로야스
439,분노의 질주: 더 오리지널,675213,샤론 맥과이어
440,분노의 질주: 언리미티드,1621973,최국희
441,분노의 질주: 더 맥시멈,1790916,바박 나자피
442,스타트렉 비욘드,1157156,론 하워드
443,여고괴담 5,644717,모홍진
444,홍길동의 후예,611848,제임스 보빈
445,커플즈,360045,엄태화
446,가문의 영광5 - 가문의 귀환,1012223,박흥식
447,써커 펀치,156606,아담 맥케이
448,배트맨 대 슈퍼맨: 저스티스의 시작,2256913,세딕 니콜라스 트로얀
449,저스티스 리그,1786383,댄 트라첸버그
450,잉크하트 : 어둠의 부활,560588,마이크 플래너건
451,케이-펙스,92,남대중
452,이태원 살인사건,531008,토마스 맥카시
453,가슴에 돋는 칼로 슬픔을 자르고,0,이두환
454,체인질링,519127,이은희
455,그랜 토리노,134650,데이브 그린
456,우리가 꿈꾸는 기적: 인빅터스,104749,덱스터 플레처
457,히어애프터,45755,케빈 레이놀즈
458,아이거 빙벽,149,데이빗 O. 러셀
459,어둠속에 벨이 울릴 때,112,석민우
460,황야의 스트렌저,98,시모사와 신타로
461,브리지,62,J 블레이크슨
462,아우트 로,52,스티븐 스필버그
463,J.에드가 - FBI의 시작,359,데이빗 로워리
464,설리: 허드슨강의 기적,627102,주지홍
465,오펀: 천사의 비밀,481064,김주환
466,퍼블릭 에너미,456581,타이카 와이티티
467,맨헌터,0,알렉스 커츠먼
468,인사이더,62,박광현
469,더 리더: 책 읽어주는 남자,450158,팻티 젠킨스
470,빌리 엘리어트 뮤지컬 라이브,18615,조던 복트-로버츠
471,10억,433866,이수연
472,파르나서스 박사의 상상극장,394074,"딘 데블린,대니 캐넌"
473,타이드랜드,632,라이언 존슨
474,제로법칙의 비밀,5212,안드레스 무시에티
475,집행자,391053,에드가 라이트
476,언스토퍼블,452320,김형협
477,데자뷰,41,조하네스 로버츠
478,트루 로맨스,124,뤽 베송
479,크림슨 타이드,16,장예모
480,정승필 실종사건,318852,D.J. 카루소
481,걸프렌즈,102618,이사랑
482,킬러스,322888,양경모
483,쇼퍼홀릭,306459,김봉한
484,뮤리엘의 웨딩,21,이원태
485,게이머,305927,저스틴 커젤
486,주온-원혼의 부활,303473,"정식,김휘"
487,파이널 데스티네이션 4,284633,이주영
488,오즈 그레이트 앤드 파워풀,350563,채드 스타헬스키
489,퀵 앤 데드,41,이안규
490,불신지옥,248284,마이클 쿠에스타
491,건축학개론,4111068,멜 깁슨