,actor1,actorPower,movieNm,actor_var
0,김윤석,5046096,추격자,0
1,아만다 사이프리드,4552475,맘마미아!,1
2,차태현,4361509,과속스캔들,2
3,설경구,4313101,강철중: 공공의 적 1-1,3
4,로버트 다우니 주니어,4290816,아이언맨,4
5,해리슨 포드,4111753,인디아나 존스 4 : 크리스탈 해골의 왕국,5
6,브렌든 프레이저,4090885,미이라 3:황제의 무덤,6
7,크리스찬 베일,4060490,다크 나이트,7
8,문소리,4018059,우리 생애 최고의 순간,8
9,정재영,3728430,신기전,9
10,제임스 맥어보이,2858720,원티드,10
11,윌 스미스,2722574,핸콕,11
12,리암 니슨,2359061,테이큰,12
13,김민선,2341521,미인도,13
14,샤이아 라보프,2292172,이글 아이,14
15,다니엘 크레이그,2205159,007 퀀텀 오브 솔러스,15
16,한석규,2058616,눈에는 눈 이에는 이,16
17,손예진,1799447,아내가 결혼했다,17
18,수애,1706037,님은 먼 곳에,18
19,레이첼 빌슨,1665268,점퍼,19
20,김명민,1600856,무방비도시,20
21,양조위,1570703,적벽대전:거대한 전쟁의 시작,21
22,변희봉,1479859,더 게임,22
23,소지섭,1311071,영화는 영화다,23
24,키아누 리브스,1307068,지구가 멈추는 날,24
25,크리스틴 스튜어트,1292332,트와일라잇,25
26,제리 사인펠드,1236167,꿀벌대소동,26
27,이연걸,1211882,포비든 킹덤: 전설의 마스터를 찾아서,27
28,주지훈,1181233,서양 골동 양과자점 앤티크,28
29,스티븐 스트레이트,1134364,"10,000 BC",29
30,김하늘,1112238,6년째 연애중,30
31,사라 제시카 파커,1067550,섹스 앤 더 시티,31
32,선자 손,1044659,스텝업 2 : 더 스트리트,32
33,유덕화,1025302,삼국지:용의 부활,33
34,휴 잭맨,945067,오스트레일리아,34
35,천호진,936945,GP 506,35
36,차인표,898000,크로싱,36
37,짐 캐리,818604,예스맨,37
38,정지훈,798718,스피드 레이서,38
39,이새별,762337,모던보이,39
40,유지태,731706,순정만화,40
41,하정우,719581,비스티 보이즈,41
42,조니 뎁,698306,스위니 토드 : 어느 잔혹한 이발사 이야기,42
43,제라드 버틀러,694539,님스 아일랜드,43
44,카메론 디아즈,693874,라스베가스에서만 생길 수 있는 일,44
45,나탈리 포트만,693836,천일의 스캔들,45
46,프레디 하이모어,676155,스파이더위크가의 비밀,46
47,김수로,652178,울학교 이티,47
48,줄리안 무어,646826,눈먼자들의 도시,48
49,곽선영,594742,고고 70,49
50,레오나르도 디카프리오,589899,바디 오브 라이즈,50
51,이미숙,578679,뜨거운 것이 좋아,51
52,리지 캐플란,558389,클로버필드,52
53,제이슨 스타뎀,557037,뱅크 잡,53
54,홍희자,550282,슈퍼맨이었던 사나이,54
55,유해진,550195,트럭,55
56,니콜라스 케이지,543996,내셔널 트레져:비밀의 책,56
57,공효진,538943,미쓰 홍당무,57
58,로리 홀든,521299,미스트,58
59,조인성,452560,쌍화점,59
60,김선아,447313,달콤한 거짓말,60
61,장근석,435940,아기와 나,61
62,에이미 아담스,429007,마법에 걸린 사랑,62
63,손태영,419687,기다리다 미쳐,63
64,전도연,396953,멋진 하루,64
65,쿠도 유키,355139,데스노트 L: 새로운 시작,65
66,마크 웰버그,347791,해프닝,66
67,힐러리 스웽크,313867,P.S. 아이 러브 유,67
68,주성치,312576,CJ7:장강7호,68
69,임창정,299326,색즉시공 시즌2,69
70,브래들리 쿠퍼,290334,미드나잇 미트 트레인,70
71,스티븐 파스퀄,289701,에이리언 VS 프레데터2,71
72,이정재,288424,1724 기방난동사건,72
73,잭 니콜슨,279709,버킷 리스트:죽기전에 꼭 하고싶은것들,73
74,봉태규,269478,가루지기,74
75,신현준,265362,마지막 선물,75
76,안성기,260734,마이 뉴 파트너,76
77,밀라 쿠니스,258067,맥스 페인,77
78,키이라 나이틀리,250611,공작부인:세기의 스캔들,78
79,나문희,248813,걸스카우트,79
80,스캇 스피드맨,248807,노크:낯선 자들의 방문,80
81,데이비드 듀코브니,244023,엑스파일:나는 믿고싶다,81
82,캐서린 헤이글,239739,27번의 결혼리허설,82
83,가엘 가르시아 베르날,2551,더 킹,83
84,찰톤 헤스톤,816,벤허,84
85,니시지마 히데토시,132,귀향,85
86,무로이 시게루,5,전국노래자랑,86
87,최원균,0,워낭소리,87
88,샘 워싱턴,5150667,아바타,88
89,다니엘 래드클리프,2957706,해리 포터와 혼혈 왕자,89
90,금성무,2694436,적벽대전 2 : 최후의 결전,90
91,채닝 테이텀,2665874,지.아이.조 : 전쟁의 서막,91
92,한동학,2554960,굿모닝 프레지던트,92
93,강동원,2453883,전우치,93
94,송강호,2205600,박쥐,94
95,하지원,2135509,내 사랑 내 곁에,95
96,벤 스틸러,1972440,박물관이 살아있다 2,96
97,로버트 패틴슨,1930895,뉴 문,97
98,톰 행크스,1906687,천사와 악마,98
99,김성태,1901694,애자,99
100,송요셉,1892467,그림자 살인,100
101,톰 크루즈,1784165,작전명 발키리,101
102,엄태웅,1778843,차우,102
103,브래드 피트,1739997,벤자민 버튼의 시간은 거꾸로 간다,103
104,최경원,1670652,불꽃처럼 나비처럼,104
105,정준호,1532632,유감스러운 도시,105
106,박용하,1517096,작전,106
107,이범수,1262850,킹콩을 들다,107
108,김래원,1187684,인사동 스캔들,108
109,데브 파텔,1106420,슬럼독 밀리어네어,109
110,크리스 파인,1085281,스타 트렉: 더 비기닝,110
111,제니퍼 코넬리,935168,그는 당신에게 반하지 않았다,111
112,샬토 코플리,841125,디스트릭트 9,112
113,김강우,827647,마린보이,113
114,브루스 윌리스,794475,써로게이트,114
115,에릭 바나,728149,시간 여행자의 아내,115
116,크리스 에반스,715887,푸시,116
117,권상우,715800,슬픔보다 더 슬픈 이야기,117
118,빈 디젤,675213,분노의 질주: 더 오리지널,118
119,오연서,644717,여고괴담 5,119
120,케이 파나베이커,634100,페임,120
121,서민균,611848,홍길동의 후예,121
122,제프리 딘 모건,597118,왓치맨,122
123,정진영,531008,이태원 살인사건,123
124,안젤리나 졸리,519127,체인질링,124
125,고현정,509309,여배우들,125
126,시릴 라파엘리,501736,13구역: 얼티메이텀,126
127,베라 파미가,481064,오펀: 천사의 비밀,127
128,랄프 파인즈,450158,더 리더: 책 읽어주는 남자,128
129,박해일,433866,10억,129
130,저스틴 채트윈,419187,드래곤볼 에볼루션,130
131,윤계상,391053,집행자,131
132,다코타 블루 리차드,360195,문프린세스 : 문에이커의 비밀,132
133,존 트라볼타,354850,펠햄 123,133
134,산드라 블록,323707,프로포즈,134
135,김선영,318852,정승필 실종사건,135
136,밀라 요보비치,310779,퍼펙트 겟어웨이,136
137,아일라 피셔,306459,쇼퍼홀릭,137
138,카고 아이,303473,주온-원혼의 부활,138
139,정우성,287712,호우시절,139
140,바비 캠포,284633,파이널 데스티네이션 4,140
141,저스틴 롱,272813,드래그 미 투 헬,141
142,유진,268627,요가학원,142
143,남상미,248284,불신지옥,143
144,우마 서먼,243432,뉴욕은 언제나 사랑 중,144
145,클라이브 오웬,237869,인터내셔널,145
146,강혜정,217478,우리 집에 왜 왔니,146
147,오데뜨 유스트만,214638,언데드,147
148,조쉬 하트넷,212067,나는 비와 함께 간다,148
149,오웬 윌슨,210270,말리와 나,149
150,제러드 파달렉키,208118,13일의 금요일,150
151,오드리 토투,206700,코코 샤넬,151
152,다니엘 데이 루이스,93214,나인,152
153,원빈,6178248,아저씨,153
154,차승원,3330324,포화속으로,154
155,김윤진,3018131,하모니,155
156,김주혁,2985483,방자전,156
157,황정민,2722996,부당거래,157
158,이선균,2009586,쩨쩨한 로맨스,158
159,제이크 질렌할,1970823,페르시아의 왕자: 시간의 모래,159
160,로건 레먼,1846180,퍼시 잭슨과 번개 도둑,160
161,이영수,1843404,해결사,161
162,이병헌,1817063,악마를 보았다,162
163,러셀 크로우,1570681,로빈 후드,163
164,주진모,1546132,무적자,164
165,잭슨 라스본,1371164,라스트 에어벤더,165
166,벤 반스,1140201,나니아 연대기: 새벽 출정호의 항해,166
167,엄정화,1081752,베스트셀러,167
168,임수정,1081748,김종욱 찾기,168
169,마크 러팔로,990223,셔터 아일랜드,169
170,김인권,972431,방가? 방가!,170
171,지진희,921111,평행이론,171
172,에릭 벌포,860340,스카이 라인,172
173,지현우,729834,주유소 습격사건 2,173
174,달이,696382,마음이2,174
175,박중훈,688639,내 깡패 같은 애인,175
176,샤니 빈슨,671845,스텝 업 3D,176
177,정보석,640632,오션스,177
178,오재균,596851,이층의 악당,178
179,맷 데이먼,596403,그린 존,179
180,김미소,590531,반가운 살인자,180
181,심형래,543544,라스트 갓파더,181
182,제시 아이젠버그,509177,소셜 네트워크,182
183,엘리자베스 슈,505836,피라냐,183
184,줄리아 로버츠,500266,먹고 기도하고 사랑하라,184
185,김해숙,472009,친정엄마,185
186,김정은,462714,식객2 : 김치전쟁,186
187,덴젤 워싱턴,452320,언스토퍼블,187
188,손병호,440372,대한민국 1%,188
189,장동건,432072,워리어스 웨이,189
190,실베스터 스탤론,390438,익스펜더블,190
191,주윤발,371607,공자 춘추전국시대,191
192,박희순,331945,맨발의 꿈,192
193,애쉬튼 커처,322888,킬러스,193
194,제이든 스미스,287278,베스트 키드,194
195,애드리언 브로디,276536,프레데터스,195
196,에밀리 블런트,265409,울프맨,196
197,메릴 스트립,234083,사랑은 너무 복잡해,197
198,신경선,225955,폐가,198
199,윤정희,218514,시,199
200,마크 월버그,208660,러블리 본즈,200
201,엠마 톰슨,206674,내니맥피 2: 유모와마법소동,201
202,신하균,196937,페스티발,202
203,발리에리 르메르시,196670,꼬마 니콜라,203
204,멜 깁슨,193380,엣지 오브 다크니스,204
205,제프 브리지스,131307,트론: 새로운 시작,205
206,아마미 유키,184,남쪽으로 튀어,206
207,조쉬 더하멜,7784743,트랜스포머 3,207
208,유호정,7362657,써니,208
209,정유미,4662822,도가니,209
210,이안 맥쉐인,3130046,캐리비안의 해적: 낯선 조류,210
211,브라이언 콕스,2773794,혹성탈출: 진화의 시작,211
212,송새벽,2595625,위험한 상견례,212
213,로즈 번,2533852,엑스맨: 퍼스트 클래스,213
214,김수미,2368267,가문의 영광4 - 가문의 수난,214
215,강신일,1887731,글러브,215
216,박용우,1867849,아이들...,216
217,잭 블랙,1762071,걸리버 여행기,217
218,스텔란 스카스가드,1694562,토르: 천둥의 신,218
219,드웨인 존슨,1621973,분노의 질주: 언리미티드,219
220,미키 루크,1338411,신들의 전쟁,220
221,아론 에크하트,1307873,월드 인베이젼,221
222,미셸 모나한,1277690,소스 코드,222
223,우혜진,1118258,특수본,223
224,윤하,1059350,수상한 고객들,224
225,안젤라 랜스베리,980387,파퍼씨네 펭귄들,225
226,현빈,845845,만추,226
227,조승우,811772,퍼펙트 게임,227
228,콜린 퍼스,806248,킹스 스피치,228
229,황우슬혜,790954,화이트: 저주의 멜로디,229
230,정려원,700272,통증,230
231,김예론,672314,고양이: 죽음을 보는 두 개의 눈,231
232,티모시 올리펀트,654386,아이 엠 넘버 포,232
233,조나 힐,641099,머니볼,233
234,칼럼 블루,598365,콜롬비아나,234
235,앤 해서웨이,527077,러브 & 드럭스,235
236,조엘 코트니,472125,슈퍼 에이트,236
237,이안 그루퍼드,465039,생텀,237
238,공형진,360045,커플즈,238
239,라이언 필립,327612,링컨 차를 타는 변호사,239
240,김갑수,316990,세상에서 가장 아름다운 이별,240
241,윤은혜,313953,마이 블랙 미니드레스,241
242,공리,269157,상하이,242
243,데이비드 코에너,257193,파이널 데스티네이션5,243
244,벨렌 루에다,236365,줄리아의 눈,244
245,이민정,8817,원더풀 라디오,245
246,아누크 에메,2983,남과 여,246
247,클라크 게이블,2801,바람과 함께 사라지다,247
248,오군여,114,사랑에 대한 모든 것,248
249,로버트 레드포드,16,은밀한 유혹,249
250,송중기,6654390,늑대소년,250
251,앤드류 가필드,4853123,어메이징 스파이더맨,251
252,최민식,4719872,범죄와의 전쟁: 나쁜놈들 전성시대,252
253,진구,2940475,26년,253
254,조여정,2636320,후궁 : 제왕의 첩,254
255,마틴 프리먼,2605124,호빗: 뜻밖의 여정,255
256,고수,1730535,반창꼬,256
257,프랑수아 클뤼제,1720472,언터처블: 1%의 우정,257
258,류승범,1552055,용의자X,258
259,강지환,1346754,차형사,259
260,콜린 파렐,1219637,토탈 리콜,260
261,제레미 레너,1015711,본 레거시,261
262,조성현,1012223,가문의 영광5 - 가문의 귀환,262
263,유선,972962,돈 크라이 마미,263
264,누미 라파스,971482,프로메테우스,264
265,라이언 구즈만,953871,스텝업4 : 레볼루션,265
266,리즈 위더스푼,873396,디스 민즈 워,266
267,박보영,867386,미확인 동영상 : 절대클릭금지,267
268,샤를리즈 테론,636631,스노우 화이트 앤 더 헌츠맨,268
269,제니퍼 로렌스,607956,헝거게임: 판엠의 불꽃,269
270,조셉 고든 레빗,571922,루퍼,270
271,가이 피어스,462176,락아웃: 익스트림미션,271
272,박한별,426706,두 개의 달,272
273,데인 드한,384398,크로니클,273
274,벤자민 워커,344876,링컨: 뱀파이어 헌터,274
275,김현수,331760,무서운 이야기,275
276,페이지 오하라,145235,미녀와 야수,276
277,박신양,4753,박수건달,277
278,이완 맥그리거,2486,더 임파서블,278
279,강필선,396,꾼,279
280,,293,판도라,280
281,정연주,59,손님,281
282,류승룡,12811206,7번방의 선물,282
283,김수현,6959083,은밀하게 위대하게,283
284,장혁,3117859,감기,284
285,크리스 헴스워스,3039889,토르: 다크 월드,285
286,유오성,2969900,친구 2,286
287,레이첼 맥아담스,2856065,어바웃 타임,287
288,찰리 허냄,2539113,퍼시픽 림,288
289,여진구,2394453,화이: 괴물을 삼킨 아이,289
290,헨리 카빌,2182227,맨 오브 스틸,290
291,공유,2176752,용의자,291
292,이민기,1865195,연애의 온도,292
293,서교,1328888,미스터 고,293
294,유아인,1209363,깡철이,294
295,이시영,1201457,더 웹툰: 예고살인,295
296,니콜라스 홀트,1169839,웜 바디스,296
297,최승현,1048280,동창생,297
298,릴리 콜린스,571074,섀도우 헌터스: 뼈의 도시,298
299,박성웅,495522,무서운 이야기 2,299
300,김아중,480434,캐치미,300
301,서인국,451669,노브레싱,301
302,미아 와시코브스카,378874,스토커,302
303,제임스 프랭코,350563,오즈 그레이트 앤드 파워풀,303
304,최강희,334323,미나문방구,304
305,성룡,315305,차이니즈 조디악,305
306,정경호,270148,롤러코스터,306
307,천정명,252475,밤의 여왕,307
308,이제훈,225618,분노의 윤리학,308
309,테렌스 스탬프,217314,송 포 유,309
310,에단 호크,203940,비포 미드나잇,310
311,양동근,192347,응징자,311
312,이광수,181740,해양경찰 마르코,312
313,마동석,169064,노리개,313
314,저스틴 팀버레이크,151476,히든 카드,314
315,호와킨 피닉스,34571,마스터,315
316,연정훈,1258,좋은 친구들,316
317,우혜영,1057,또 하나의 약속,317
318,잉그리드 서린,35,침묵,318
319,김남길,8666046,해적: 바다로 간 산적,319
320,심은경,8657982,수상한 그녀,320
321,앤디 서키스,4002560,혹성탈출: 반격의 서막,321
322,딜런 오브라이언,2812427,메이즈 러너,322
323,조정석,2141155,나의 사랑 나의 신부,323
324,리차드 아미티지,2078698,인투 더 스톰,324
325,스칼렛 요한슨,1974893,루시,325
326,김우빈,1778083,기술자들,326
327,벤 애플렉,1764233,나를 찾아줘,327
328,송혜교,1624601,두근두근 내 인생,328
329,김희애,1619188,우아한 거짓말,329
330,레나 헤디,1593116,300: 제국의 부활,330
331,송승헌,1441973,인간중독,331
332,킷 해링턴,1373873,폼페이: 최후의 날,332
333,루크 에반스,1321751,드라큘라: 전설의 시작,333
334,이진성,989906,방황하는 칼날,334
335,조엘 키나만,979509,로보캅,335
336,김성균,970373,우리는 형제입니다,336
337,애나벨 월리스,926027,애나벨,337
338,염정아,812490,카트,338
339,쉐일린 우들리,749146,"안녕, 헤이즐",339
340,애런 존슨,709734,고질라,340
341,홍수민,676632,상의원,341
342,김다율(김아현),594871,패션왕,342
343,장한새,592435,황제를 위하여,343
344,치웨텔 에지오포,498043,노예 12년,344
345,강하늘,481696,소녀괴담,345
346,사사키 노조미,410644,주온 : 끝의 시작,346
347,메간 폭스,400329,닌자터틀,347
348,이 동 길,341634,하이힐,348
349,카렌 길런,279488,오큘러스,349
350,피어스 브로스넌,252444,노벰버 맨,350
351,케빈 코스트너,229673,쓰리데이즈 투 킬,351
352,윤상현,210777,덕수리 5형제,352
353,프레데릭 벨,190384,컬러풀 웨딩즈,353
354,마이클 더글라스,177938,라스트베가스,354
355,김상경,172652,아빠를 빌려드립니다,355
356,니콜 키드먼,9680,패딩턴,356
357,잭 오코넬,326,언브로큰,357
358,장 가뱅,93,함정,358
359,전지현,12705700,암살,359
360,김무열,6043784,연평해전,360
361,아놀드 슈왈제네거,3240370,터미네이터 제니시스,361
362,폴 러드,2841795,앤트맨,362
363,손현주,2192525,악의 연대기,363
364,이민호,2192276,강남 1970,364
365,한효주,2053435,뷰티 인사이드,365
366,이승기,1891993,오늘의 연애,366
367,베네딕트 컴버배치,1743963,이미테이션 게임,367
368,박해빛나,1165780,장수상회,368
369,오상철,1128288,성난 변호사,369
370,주원,1046015,그놈이다,370
371,스테파니 스콧,825517,인시디어스 3,371
372,진세연,472693,위험한 상견례 2,372
373,고아성,441208,오피스,373
374,마일즈 텔러,399667,판타스틱 4,374
375,제이슨 클락,332180,에베레스트,375
376,조니 웨스턴,266610,백 투 더 비기닝,376
377,조지 클루니,265810,투모로우랜드,377
378,유승호,224657,조선마술사,378
379,샐리 헤닝,219892,언프렌디드: 친구삭제,379
380,오지호,214539,연애의 맛,380
381,마이클 키튼,206241,버드맨,381
382,소메타니 쇼타,187291,기생수 파트1,382
383,톰 하디,179738,레전드,383
384,에드 스크레인,161245,트랜스포터: 리퓰드,384
385,루크 브레이시,776,포인트 브레이크,385
386,김정철,7049643,인천상륙작전,386
387,곽도원,6879908,곡성,387
388,에디 레드메인,4662534,신비한 동물사전,388
389,라이언 레놀즈,3317196,데드풀,389
390,에바 그린,2718158,미스 페레그린과 이상한 아이들의 집,390
391,닐 세티,2537438,정글북,391
392,김혜수,2108273,굿바이 싱글,392
393,빌 풀만,1500830,인디펜던스 데이 : 리써전스,393
394,트래비스 핌멜,1163274,워크래프트: 전쟁의 서막,394
395,서하늬,1153109,미씽: 사라진 여자,395
396,테레사 팔머,1111284,라이트 아웃,396
397,김현빈,1069864,오빠생각,397
398,강예원,1063442,"날, 보러와요",398
399,제인 레비,1003406,맨 인 더 다크,399
400,김율호,974262,"고산자, 대동여지도",400
401,에밀리아 클라크,945172,미 비포 유,401
402,알렉산더 스카스가드,858402,레전드 오브 타잔,402
403,이미연,848148,좋아해줘,403
404,르네 젤위거,820995,브리짓 존스의 베이비,404
405,김정희,653287,그날의 분위기,405
406,펠리시티 존스,596487,로그 원: 스타워즈 스토리,406
407,멜리사 맥카시,515553,고스트버스터즈,407
408,윤여정,482516,계춘할망,408
409,이성민,476665,"로봇, 소리",409
410,메리 엘리자베스 윈스티드,357736,클로버필드 10번지,410
411,엘리자베스 리저,331877,위자: 저주의 시작,411
412,류덕환,308398,위대한 소원,412
413,도경수,240484,순정,413
414,태런 에저튼,226341,독수리 에디,414
415,조셉 파인즈,176122,부활,415
416,오달수,169984,대배우,416
417,알 파치노,149095,미스컨덕트,417
418,존 크랜신스키,145952,13시간,418
419,클로이 모레츠,135874,제 5침공,419
420,마크 라이런스,125800,마이 리틀 자이언트,420
421,브라이스 달라스 하워드,109137,피터와 드래곤,421
422,이드리스 엘바,96579,바스티유 데이,422
423,크리스 프랫,401,패신저스,423
424,마이클 매드슨,1,플립,424
425,이수민,12186327,택시운전사,425
426,제이콥 배덜런,7258678,스파이더맨: 홈 커밍,426
427,김규백,5653270,청년경찰,427
428,지창욱,2515501,조작된 도시,428
429,정우,2421197,재심,429
430,갤 가돗,2165401,원더 우먼,430
431,다니엘 칼루야,2138174,겟 아웃,431
432,스테파니 시그만,1934270,애나벨 : 인형의 주인,432
433,톰 히들스턴,1689717,콩: 스컬 아일랜드,433
434,제시카 로테,1382650,해피 데스데이,434
435,강소백,1373316,브이아이피,435
436,마이클 패스벤더,1307226,에이리언: 커버넌트,436
437,김옥빈,1208081,악녀,437
438,조진웅,1204600,해빙,438
439,캐서린 윈닉,1028384,지오스톰,439
440,마크 해밀,946547,스타워즈: 라스트 제다이,440
441,오웬 티그,888836,그것,441
442,케네스 브래너,863567,오리엔트 특급 살인,442
443,안셀 엘고트,822769,베이비 드라이버,443
444,윤제문,647305,아빠는 딸,444
445,맨디 무어,590045,47 미터,445
446,타라지 P. 헨슨,449518,히든 피겨스,446
447,백윤식,446780,반드시 잡는다,447
448,임시완,435048,원라인,448
449,황인아,353517,석조저택 살인사건,449
450,진남수,351276,싱글라이더,450
451,틸다 스윈튼,322157,옥자,451
452,라이언 고슬링,321424,블레이드 러너 2049,452
453,제이미 도넌,189620,50가지 그림자: 심연,453
454,고두심,177428,채비,454
455,테렌스 하워드,4290816,아이언맨,455
456,마리아 벨로,4090885,미이라 3:황제의 무덤,456
457,마이클 케인,4060490,다크 나이트,457
458,한은정,3728430,신기전,458
459,매기 그레이스,2359061,테이큰,459
460,김영호,2341521,미인도,460
461,올가 큐리렌코,2205159,007 퀀텀 오브 솔러스,461
462,헤이든 크리스텐슨,1665268,점퍼,462
463,김재욱,1181233,서양 골동 양과자점 앤티크,463
464,카밀라 벨,1134364,"10,000 BC",464
465,킴 캐트럴,1067550,섹스 앤 더 시티,465
466,윌 켐프,1044659,스텝업 2 : 더 스트리트,466
467,매기 큐,1025302,삼국지:용의 부활,467
468,조현재,936945,GP 506,468
469,신명철,898000,크로싱,469
470,주이 데샤넬,818604,예스맨,470
471,매튜 폭스,798718,스피드 레이서,471
472,이연희,731706,순정만화,472
473,이정민,719581,비스티 보이즈,473
474,헬레나 본햄 카터,698306,스위니 토드 : 어느 잔혹한 이발사 이야기,474
475,사라 볼거,676155,스파이더위크가의 비밀,475
476,이한위,652178,울학교 이티,476
477,김민희,578679,뜨거운 것이 좋아,477
478,세프론 버로우스,557037,뱅크 잡,478
479,존 보이트,543996,내셔널 트레져:비밀의 책,479
480,이종혁,538943,미쓰 홍당무,480
481,토마스 제인,521299,미스트,481
482,박진희,447313,달콤한 거짓말,482
483,문메이슨,435940,아기와 나,483
484,패트릭 뎀시,429007,마법에 걸린 사랑,484
485,마츠야마 켄이치,355139,데스노트 L: 새로운 시작,485
486,송지효,299326,색즉시공 시즌2,486
487,레슬리 빕,290334,미드나잇 미트 트레인,487
488,레이코 아일리스워스,289701,에이리언 VS 프레데터2,488
489,김석훈,288424,1724 기방난동사건,489
490,모건 프리먼,279709,버킷 리스트:죽기전에 꼭 하고싶은것들,490
491,포레스트 휘테커,272501,스트리트 킹,491
492,조나단 리스 마이어스,271678,어거스트 러쉬,492
493,김영애,269478,가루지기,493
494,허준호,265362,마지막 선물,494
495,이창민,260734,마이 뉴 파트너,495
496,리브 타일러,248807,노크:낯선 자들의 방문,496
497,제임스 마스던,239739,27번의 결혼리허설,497
498,윌리엄 허트,2551,더 킹,498
499,잭 호킨스,816,벤허,499
500,제이미 벨,692,디파이언스,500
501,카타오카 레이코,132,귀향,501
502,코바야시 넨지,5,전국노래자랑,502
503,이삼순,0,워낭소리,503
504,나탈리아 루다코바,0,트랜스포터-라스트 미션,504
505,성동일,8035181,국가대표,505
506,조 샐다나,5150667,아바타,506
507,엠마 왓슨,2957706,해리 포터와 혼혈 왕자,507
508,버튼 페레즈,2665874,지.아이.조 : 전쟁의 서막,508
509,빌 나이히,1784165,작전명 발키리,509
510,케이트 블란쳇,1739997,벤자민 버튼의 시간은 거꾸로 간다,510
511,나오미 해리스,1329403,닌자 어쌔신,511
512,박예진,1301582,청담보살,512
513,리브 슈라이버,1280734,엑스맨 탄생: 울버린,513
514,조안,1262850,킹콩을 들다,514
515,주드 로,1131441,셜록 홈즈,515
516,프리다 핀토,1106420,슬럼독 밀리어네어,516
517,재커리 퀸토,1085281,스타 트렉: 더 비기닝,517
518,드류 베리모어,935168,그는 당신에게 반하지 않았다,518
519,제이슨 코프,841125,디스트릭트 9,519
520,조재현,827647,마린보이,520
521,제이미 폭스,796799,모범시민,521
522,라다 미첼,794475,써로게이트,522
523,레이첼 맥아덤즈,728149,시간 여행자의 아내,523
524,구교환,724987,김씨표류기,524
525,다코타 패닝,715887,푸시,525
526,이보영,715800,슬픔보다 더 슬픈 이야기,526
527,폴 워커,675213,분노의 질주: 더 오리지널,527
528,장경아,644717,여고괴담 5,528
529,애셔 북,634100,페임,529
530,빌리 크루덥,597118,왓치맨,530
531,시에나 길로리,560588,잉크하트 : 어둠의 부활,531
532,존 말코비치,519127,체인질링,532
533,데이빗 벨,501736,13구역: 얼티메이텀,533
534,이사벨 퍼만,481064,오펀: 천사의 비밀,534
535,케이트 윈슬렛,450158,더 리더: 책 읽어주는 남자,535
536,신민아,433866,10억,536
537,히스 레저,394074,파르나서스 박사의 상상극장,537
538,크리스토프 왈츠,331757,바스터즈: 거친 녀석들,538
539,휴 댄시,306459,쇼퍼홀릭,539
540,앰버 발레타,305927,게이머,540
541,미나미 아키나,303473,주온-원혼의 부활,541
542,고원원,287712,호우시절,542
543,닉 자노,284633,파이널 데스티네이션 4,543
544,알리슨 로먼,272813,드래그 미 투 헬,544
545,나오미 왓츠,237869,인터내셔널,545
546,우디 해럴슨,229799,세븐 파운즈,546
547,게리 올드만,214638,언데드,547
548,제니퍼 애니스턴,210270,말리와 나,548
549,다니엘 파나베이커,208118,13일의 금요일,549
550,브누와 뽀엘부르드,206700,코코 샤넬,550
551,매튜 그레이 구블러,105763,앨빈과 슈퍼밴드2,551
552,마리온 꼬띨라르,93214,나인,552
553,김새론,6178248,아저씨,553
554,엘렌 페이지,5827444,인셉션,554
555,기네스 팰트로우,4425003,아이언맨 2,555
556,김호연,3018131,하모니,556
557,김승훈,2722996,부당거래,557
558,김한나,2130606,초능력자,558
559,젬마 아터튼,1970823,페르시아의 왕자: 시간의 모래,559
560,조앤 쿠삭,1458865,토이 스토리 3,560
561,김성훈,1383867,구르믈 버서난 달처럼,561
562,웬트워스 밀러,1190008,레지던트 이블 4: 끝나지 않은 전쟁 3D,562
563,조지 헨리,1140201,나니아 연대기: 새벽 출정호의 항해,563
564,엄기준,1012310,파괴된 사나이,564
565,김정태,972431,방가? 방가!,565
566,심호성,921111,평행이론,566
567,스카티 톰슨,860340,스카이 라인,567
568,황정음,857038,고死 두 번째 이야기: 교생실습,568
569,퀸튼 잭슨,777985,A-특공대,569
570,조한선,729834,주유소 습격사건 2,570
571,릭 말람브리,671845,스텝 업 3D,571
572,배한성,640632,오션스,572
573,제이슨 아이삭스,596403,그린 존,573
574,크리스토퍼 에건,582958,레터스 투 줄리엣,574
575,한재석,573001,퀴즈왕,575
576,모니카 벨루치,570775,마법사의 제자,576
577,마이클 리스폴리,543544,라스트 갓파더,577
578,제시카 스자르,505836,피라냐,578
579,제임스 프랑코,500266,먹고 기도하고 사랑하라,579
580,엄지원,483387,불량남녀,580
581,양가휘,459876,적인걸: 측천무후의 비밀,581
582,임원희,440372,대한민국 1%,582
583,케이트 보스워스,432072,워리어스 웨이,583
584,크리스틴 데이비스,398347,섹스 앤 더 시티 2,584
585,주신,371607,공자 춘추전국시대,585
586,고창석,331945,맨발의 꿈,586
587,양자경,312283,검우강호,587
588,토퍼 그레이스,276536,프레데터스,588
589,베니치오 델 토로,265409,울프맨,589
590,알렉 볼드윈,234083,사랑은 너무 복잡해,590
591,윤이나,225955,폐가,591
592,윌 패튼,224808,포스 카인드,592
593,이다윗,218514,시,593
594,엘리자베스 뱅크스,218306,쓰리 데이즈,594
595,레이첼 와이즈,208660,러블리 본즈,595
596,박소현,196937,페스티발,596
597,막심 고다르,196670,꼬마 니콜라,597
598,가렛 헤드룬드,131307,트론: 새로운 시작,598
599,한채영,201,인플루언스,599
600,페넬로페 크루즈,3130046,캐리비안의 해적: 낯선 조류,600
601,재뉴어리 존스,2533852,엑스맨: 퍼스트 클래스,601
602,김미경,1887731,글러브,602
603,이문식,1717566,평양성,603
604,스튜어트 타운젠드,1694562,토르: 천둥의 신,604
605,뱅상 카셀,1623310,블랙 스완,605
606,오다기리 조,1586042,마이 웨이,606
607,미쉘 로드리게즈,1307873,월드 인베이젼,607
608,탕웨이,845845,만추,608
609,제프리 러쉬,806248,킹스 스피치,609
610,함은정,790954,화이트: 저주의 멜로디,610
611,신세경,771699,푸른소금,611
612,김규리,714136,풍산개,612
613,김동욱,672314,고양이: 죽음을 보는 두 개의 눈,613
614,올랜도 블룸,660172,삼총사 3D,614
615,알렉스 페티퍼,654386,아이 엠 넘버 포,615
616,킬리언 머피,616943,인 타임,616
617,김수정,534752,챔프,617
618,휴고 위빙,514309,퍼스트 어벤져,618
619,엘르 패닝,472125,슈퍼 에이트,619
620,리차드 록스버그,465039,생텀,620
621,론 펄먼,435201,시즌 오브 더 위치: 마녀 호송단,621
622,매튜 매커너히,327612,링컨 차를 타는 변호사,622
623,서영희,316990,세상에서 가장 아름다운 이별,623
624,박원상,8839,부러진 화살,624
625,이정진,8817,원더풀 라디오,625
626,장-루이 트린티냥,2983,남과 여,626
627,비비안 리,2801,바람과 함께 사라지다,627
628,주혜민,114,사랑에 대한 모든 것,628
629,데미 무어,16,은밀한 유혹,629
630,루니 마라,0,밀레니엄 : 여자를 증오한 남자들,630
631,엠마 스톤,4853123,어메이징 스파이더맨,631
632,강지원,4515833,연가시,632
633,한가인,4111068,건축학개론,633
634,한혜진,2940475,26년,634
635,박시후,2729798,내가 살인범이다,635
636,이안 맥켈런,2605124,호빗: 뜻밖의 여정,636
637,하비에르 바르뎀,2376145,007 스카이폴,637
638,테일러 키치,2241687,배틀쉽,638
639,배두나,1872681,코리아,639
640,오마 사이,1720472,언터처블: 1%의 우정,640
641,최다니엘,1646142,공모자들,641
642,이여진,1612554,하울링,642
643,이요원,1552055,용의자X,643
644,성유리,1346754,차형사,644
645,박시연,1246185,간기남,645
646,케이트 베킨세일,1219637,토탈 리콜,646
647,유준상,1201944,R2B: 리턴투베이스,647
648,남보라,972962,돈 크라이 마미,648
649,캐서린 맥코믹,953871,스텝업4 : 레볼루션,649
650,조쉬 허처슨,607956,헝거게임: 판엠의 불꽃,650
651,고아라,587291,파파,651
652,미쉘 파이퍼,582126,다크 섀도우,652
653,미셸 로드리게즈,558433,레지던트 이블 5 : 최후의 심판,653
654,김지석,426706,두 개의 달,654
655,알렉스 러셀,384398,크로니클,655
656,도미닉 쿠퍼,344876,링컨: 뱀파이어 헌터,656
657,노강민,331760,무서운 이야기,657
658,장쯔이,298086,위험한 관계,658
659,더못 멀로니,292217,더 그레이,659
660,김현정,283449,네버엔딩 스토리,660
661,로비 벤슨,145235,미녀와 야수,661
662,할리 베리,3684,클라우드 아틀라스,662
663,지대한,2328,마이 리틀 히어로,663
664,페이 더너웨이,432,차이나타운,664
665,박신혜,12811206,7번방의 선물,665
666,박기웅,6959083,은밀하게 위대하게,666
667,이경영,5584139,더 테러 라이브,667
668,미레유 에노스,5237525,월드 워 Z,668
669,도널 글리슨,2856065,어바웃 타임,669
670,칼 어번,1605271,스타트렉 다크니스,670
671,캐리 뮬리건,1445248,위대한 개츠비,671
672,제이 코트니,1438056,다이하드: 굿 데이 투 다이,672
673,이태리,1422844,런닝맨,673
674,김효진,1212843,결혼전야,674
675,조디 포스터,1207732,엘리시움,675
676,사나다 히로유키,1075333,더 울버린,676
677,한예리,1048280,동창생,677
678,로자문드 파이크,784031,잭 리처,678
679,패트릭 윌슨,577748,인시디어스: 두번째 집,679
680,제이미 캠벨 바우어,571074,섀도우 헌터스: 뼈의 도시,680
681,김범,534273,사이코메트리,681
682,알렉산드리아 다다리오,519584,퍼시 잭슨과 괴물의 바다,682
683,김영현,507913,남자사용설명서,683
684,이종석,451669,노브레싱,684
685,안내상,429141,창수,685
686,아미 해머,387527,론 레인저,686
687,매튜 구드,378874,스토커,687
688,미쉘 윌리엄스,350563,오즈 그레이트 앤드 파워풀,688
689,한성천,270148,롤러코스터,689
690,김민정,252475,밤의 여왕,690
691,캐서린 키너,241514,캡틴 필립스,691
692,조시 게드,225343,잡스,692
693,바네사 레드그레이브,217314,송 포 유,693
694,줄리 델피,203940,비포 미드나잇,694
695,주상욱,192347,응징자,695
696,김민준,175153,톱스타,696
697,이승연,169064,노리개,697
698,아사 버터필드,166533,엔더스 게임,698
699,필립 세이모어 호프만,34571,마스터,699
700,한지민,3441,플랜맨,700
701,이지훈,1258,좋은 친구들,701
702,박철민,1057,또 하나의 약속,702
703,군넬 린드블롬,35,침묵,703
704,제시카 고메즈,5295836,트랜스포머: 사라진 시대,704
705,카야 스코델라리오,2812427,메이즈 러너,705
706,사라 웨인 콜리스,2078698,인투 더 스톰,706
707,김영철,1778083,기술자들,707
708,로자먼드 파이크,1764233,나를 찾아줘,708
709,유연석,1755181,제보자,709
710,김승욱,1624601,두근두근 내 인생,710
711,조엘 에저튼,1511195,엑소더스: 신들과 왕들,711
712,박유천,1475507,해무(海霧),712
713,임지연,1441973,인간중독,713
714,에밀리 브라우닝,1373873,폼페이: 최후의 날,714
715,사무엘 L. 잭슨,979509,로보캅,715
716,워드 호튼,926027,애나벨,716
717,문정희,812490,카트,717
718,브라이언 크랜스톤,709734,고질라,718
719,레베카 홀,696436,트랜센던스,719
720,브리아나 에비건,564589,스텝 업: 올 인,720
721,김소은,481696,소녀괴담,721
722,이솜,471172,마담 뺑덕,722
723,윌리엄 피츠너,400329,닌자터틀,723
724,고준희,316953,레드카펫,724
725,빌 나이,299205,프랑켄슈타인: 불멸의 영웅,725
726,샘 클라플린,292177,"러브, 로지",726
727,브렌튼 스웨이츠,279488,오큘러스,727
728,올가 쿠릴렌코,252444,노벰버 맨,728
729,보이드 홀브룩,242707,툼스톤,729
730,앰버 허드,229673,쓰리데이즈 투 킬,730
731,토미 스나이더,192726,덤 앤 더머 투,731
732,엘로디 퐁탕,190384,컬러풀 웨딩즈,732
733,제리 페라라,177938,라스트베가스,733
734,유엽,153591,폴리스 스토리 2014,734
735,팜케 얀센,145627,테이큰 3,735
736,벤 위쇼,9680,패딩턴,736
737,클라라,2369,워킹걸,737
738,시에나 밀러,993,아메리칸 스나이퍼,738
739,애니 지라르도,93,함정,739
740,제시카 차스테인,4880800,마션,740
741,로버트 드니로,3610564,인턴,741
742,이준호,3044811,스물,742
743,토마스 생스터,2744413,메이즈 러너: 스코치 트라이얼,743
744,김대명,2053435,뷰티 인사이드,744
745,문채원,1891993,오늘의 연애,745
746,레아 세이두,1820760,007 스펙터,746
747,정만식,1584168,대호,747
748,박근형,1165780,장수상회,748
749,로빈 윌리엄스,1101678,박물관이 살아있다 : 비밀의 무덤,749
750,홍종현,472693,위험한 상견례 2,750
751,케이트 마라,399667,판타스틱 4,751
752,조슈 브롤린,332180,에베레스트,752
753,배수지,317505,도리화가,753
754,조엘 킨나만,289534,런 올 나이트,754
755,테오 제임스,282662,인서전트,755
756,소피아 블랙 디엘리아,266610,백 투 더 비기닝,756
757,휴 로리,265810,투모로우랜드,757
758,벤 킹슬리,238257,하늘을 걷는 남자,758
759,모세 제이콥 스톰,219892,언프렌디드: 친구삭제,759
760,최령,214539,연애의 맛,760
761,에드워드 노튼,206241,버드맨,761
762,후카츠 에리,187291,기생수 파트1,762
763,세스 맥팔레인,170647,19곰 테드 2,763
764,론 샤바놀,161245,트랜스포터: 리퓰드,764
765,딜런 미네트,7778,구스범스,765
766,에드가 라미레즈,776,포인트 브레이크,766
767,모레나 바카린,3317196,데드풀,767
768,줄리아 스타일즈,2611966,제이슨 본,768
769,빌 머레이,2537438,정글북,769
770,자레드 레토,1898220,수어사이드 스쿼드,770
771,리암 헴스워스,1500830,인디펜던스 데이 : 리써전스,771
772,김상호,1241899,특별수사: 사형수의 편지,772
773,박정민,1172641,동주,773
774,벤 포스터,1163274,워크래프트: 전쟁의 서막,774
775,사이먼 페그,1157156,스타트렉 비욘드,775
776,변요한,1124815,"당신, 거기 있어줄래요",776
777,알리시아 벨라 베일리,1111284,라이트 아웃,777
778,이상윤,1063442,"날, 보러와요",778
779,니콜라이 코스터 왈도,919834,갓 오브 이집트,779
780,마고 로비,858402,레전드 오브 타잔,780
781,최지우,848148,좋아해줘,781
782,이정현,758195,스플릿,782
783,코비 스멀더스,611097,잭 리처: 네버 고 백,783
784,디에고 루나,596487,로그 원: 스타워즈 스토리,784
785,제시카 알바,551897,메카닉: 리크루트,785
786,신은수,510878,가려진 시간,786
787,김고은,482516,계춘할망,787
788,이희준,476665,"로봇, 소리",788
789,스티브 카렐,446712,빅쇼트,789
790,존 굿맨,357736,클로버필드 10번지,790
791,애너리즈 바쏘,331877,위자: 저주의 시작,791
792,김동영,308398,위대한 소원,792
793,조복래,288016,혼숨,793
794,김소현,240484,순정,794
795,스티븐 아멜,235207,닌자터틀 : 어둠의 히어로,795
796,폴 레이놀즈,226341,독수리 에디,796
797,톰 펠튼,176122,부활,797
798,안소니 홉킨스,149095,미스컨덕트,798
799,파블로 쉬레이버,145952,13시간,799
800,닉 로빈슨,135874,제 5침공,800
801,오크스 페글리,109137,피터와 드래곤,801
802,리처드 매든,96579,바스티유 데이,802
803,김유정,16410,사랑하기 때문에,803
804,마리옹 꼬띠아르,1562,얼라이드,804
805,스텔라 매브,1,플립,805
806,톰 홀랜드,7258678,스파이더맨: 홈 커밍,806
807,박서준,5653270,청년경찰,807
808,소피아 부텔라,3689325,미이라,808
809,최희서,2359206,박열,809
810,패트릭 스튜어트,2169109,로건,810
811,로빈 라이트,2165401,원더 우먼,811
812,앨리슨 윌리암스,2138174,겟 아웃,812
813,브리 라슨,1689717,콩: 스컬 아일랜드,813
814,안야 테일러 조이,1675819,23 아이덴티티,814
815,안재홍,1635003,임금님의 사건수첩,815
816,이동휘,1492903,부라더,816
817,이스라엘 브로우사드,1382650,해피 데스데이,817
818,캘리 헤르난데스,1307226,에이리언: 커버넌트,818
819,박혁권,1306438,장산범,819
820,신구,1204600,해빙,820
821,캐리 피셔,946547,스타워즈: 라스트 제다이,821
822,빌 스카스가드,888836,그것,822
823,케빈 스페이시,822769,베이비 드라이버,823
824,잭 에프런,814585,위대한 쇼맨,824
825,알리 라터,765259,레지던트 이블: 파멸의 날,825
826,마이클 피트,764072,공각기동대 : 고스트 인 더 쉘,826
827,정소민,647305,아빠는 딸,827
828,클레어 홀트,590045,47 미터,828
829,카라 델러비인,511931,발레리안: 천 개 행성의 도시,829
830,페드로 파스칼,501486,그레이트 월,830
831,옥타비아 스펜서,449518,히든 피겨스,831
832,천우희,234829,어느날,832
833,테일러 키취,205368,어쌔신: 더 비기닝,833
834,다코타 존슨,189620,50가지 그림자: 심연,834
835,한채아,149719,비정규직 특수요원,835
