,movieNm,actor1,audiCntAmt
0,명량,류승룡,17615152
1,명량,조진웅,17615152
2,명량,최민식,17615152
3,국제시장,황정민,14262498
4,국제시장,김윤진,14262498
5,국제시장,오달수,14262498
6,베테랑,유아인,13414200
7,베테랑,유해진,13414200
8,아바타,조 샐다나,13302637
9,아바타,시고니 위버,13302637
10,아바타,샘 워싱턴,13302637
11,도둑들,이정재,12983841
12,도둑들,김윤석,12983841
13,도둑들,김혜수,12983841
14,7번방의 선물,갈소원,12811435
15,7번방의 선물,박신혜,12811435
16,암살,전지현,12706483
17,암살,하정우,12706483
18,"광해, 왕이 된 남자",한효주,12323595
19,"광해, 왕이 된 남자",이병헌,12323595
20,택시운전사,송강호,12186327
21,택시운전사,토마스 크레취만,12186327
22,택시운전사,이수민,12186327
23,부산행,정유미,11566862
24,부산행,공유,11566862
25,부산행,김정희,11566862
26,변호인,김영애,11374879
27,해운대,하지원,11324545
28,해운대,박중훈,11324545
29,해운대,설경구,11324545
30,괴물,윌포드 브림리,10917221
31,괴물,,10917221
32,괴물,커트 러셀,10917221
33,괴물,김한희,10917221
34,괴물,박해일,10917221
35,괴물,변희봉,10917221
36,괴물,서이숙,10917221
37,괴물,이시온,10917221
38,괴물,T. K. 카터,10917221
39,왕의 남자,이준기,10513715
40,왕의 남자,감우성,10513715
41,어벤져스: 에이지 오브 울트론,로버트 다우니 주니어,10494499
42,어벤져스: 에이지 오브 울트론,크리스 헴스워스,10494499
43,어벤져스: 에이지 오브 울트론,마크 러팔로,10494499
44,인터스텔라,매튜 매커너히,10309432
45,인터스텔라,앤 해서웨이,10309432
46,인터스텔라,마이클 케인,10309432
47,겨울왕국,조나단 그로프,10296101
48,겨울왕국,이디나 멘젤,10296101
49,겨울왕국,크리스틴 벨,10296101
50,검사외전,이성민,9707581
51,검사외전,강동원,9707581
52,설국열차,크리스 에반스,9350338
53,설국열차,에드 해리스,9350338
54,관상,백윤식,9135806
55,아이언맨 3,기네스 팰트로우,9001331
56,아이언맨 3,벤 킹슬리,9001331
57,캡틴 아메리카: 시빌 워,스칼렛 요한슨,8677249
58,해적: 바다로 간 산적,손예진,8666208
59,해적: 바다로 간 산적,김남길,8666208
60,수상한 그녀,박인환,8659725
61,수상한 그녀,심은경,8659725
62,수상한 그녀,나문희,8659725
63,신과함께-죄와 벌,차태현,8539495
64,신과함께-죄와 벌,주지훈,8539495
65,과속스캔들,왕석현,8223342
66,과속스캔들,박보영,8223342
67,국가대표,성동일,8035181
68,국가대표,김지석,8035181
69,디워,브룩스 아만다,7855474
70,디워,베어 제이슨,7855474
71,공조,현빈,7817618
72,공조,김주혁,7817618
73,트랜스포머 3,로지 헌팅턴-휘틀리,7785189
74,트랜스포머 3,조쉬 더하멜,7785189
75,트랜스포머 3,존 말코비치,7785189
76,히말라야,조성하,7759761
77,히말라야,정우,7759761
78,미션임파서블:고스트프로토콜,톰 크루즈,7508976
79,미션임파서블:고스트프로토콜,제레미 레너,7508976
80,밀정,한지민,7500457
81,최종병기 활,김무열,7470633
82,트랜스포머,샤이아 라보프,7402732
83,트랜스포머,메간 폭스,7402732
84,써니,유호정,7363139
85,써니,강소라,7363139
86,스파이더맨: 홈 커밍,제이콥 배덜런,7258678
87,스파이더맨: 홈 커밍,톰 홀랜드,7258678
88,베를린,류승범,7166513
89,베를린,한석규,7166513
90,마스터,필립 세이모어 호프만,7150586
91,마스터,호와킨 피닉스,7150586
92,마스터,에이미 아담스,7150586
93,마스터,김우빈,7150586
94,터널,배두나,7120780
95,내부자들,조승우,7072507
96,인천상륙작전,김정철,7050475
97,인천상륙작전,이범수,7050475
98,럭키,이준,6975571
99,럭키,조윤희,6975571
100,은밀하게 위대하게,김수현,6959083
101,은밀하게 위대하게,박기웅,6959083
102,은밀하게 위대하게,이현우,6959083
103,곡성,곽도원,6879989
104,곡성,쿠니무라 준,6879989
105,범죄도시,마동석,6879841
106,범죄도시,조재윤,6879841
107,범죄도시,아만다 피트,6879841
108,범죄도시,윤계상,6879841
109,범죄도시,에단 호크,6879841
110,화려한 휴가,이창민,6855433
111,화려한 휴가,안성기,6855433
112,화려한 휴가,김상경,6855433
113,"좋은 놈, 나쁜 놈, 이상한 놈",정우성,6686054
114,늑대소년,송중기,6655061
115,늑대소년,장영남,6655061
116,군함도,김규백,6592151
117,군함도,명인호,6592151
118,웰컴 투 동막골,강혜정,6436900
119,웰컴 투 동막골,정재영,6436900
120,웰컴 투 동막골,신하균,6436900
121,다크 나이트 라이즈,크리스찬 베일,6399303
122,다크 나이트 라이즈,게리 올드만,6399303
123,사도,문근영,6247651
124,아저씨,원빈,6178592
125,아저씨,김희원,6178592
126,아저씨,김새론,6178592
127,킹스맨 : 시크릿 에이전트,콜린 퍼스,6129681
128,킹스맨 : 시크릿 에이전트,태런 에저튼,6129681
129,킹스맨 : 시크릿 에이전트,사무엘 L. 잭슨,6129681
130,미션 임파서블: 로그네이션,사이먼 페그,6126488
131,전우치,임수정,6065474
132,연평해전,진구,6044956
133,연평해전,김율호,6044956
134,레미제라블,휴 잭맨,5920977
135,레미제라블,우마 서먼,5920977
136,레미제라블,러셀 크로우,5920977
137,레미제라블,제프리 러쉬,5920977
138,레미제라블,리암 니슨,5920977
139,인셉션,엘렌 페이지,5835017
140,인셉션,마리온 꼬띨라르,5835017
141,인셉션,레오나르도 디카프리오,5835017
142,청년경찰,정다은,5653270
143,청년경찰,박서준,5653270
144,숨바꼭질,손강국,5604106
145,숨바꼭질,다코타 패닝,5604106
146,숨바꼭질,손현주,5604106
147,숨바꼭질,전미선,5604106
148,숨바꼭질,문정희,5604106
149,숨바꼭질,로버트 드니로,5604106
150,숨바꼭질,유상재,5604106
151,덕혜옹주,윤제문,5599665
152,더 테러 라이브,전혜진,5584139
153,더 테러 라이브,이경영,5584139
154,쥬라기 월드,크리스 프랫,5546792
155,쥬라기 월드,주디 그리어,5546792
156,쥬라기 월드,브라이스 달라스 하워드,5546792
157,닥터 스트레인지,레이첼 맥아담스,5446379
158,닥터 스트레인지,틸다 스윈튼,5446379
159,닥터 스트레인지,베네딕트 컴버배치,5446379
160,검은 사제들,박소담,5442915
161,의형제,전국환,5416829
162,2012,올리버 플랫,5397597
163,2012,존 쿠삭,5397597
164,더 킹,폴 다노,5317693
165,더 킹,가엘 가르시아 베르날,5317693
166,더 킹,조인성,5317693
167,더 킹,윌리엄 허트,5317693
168,더 킹,배성우,5317693
169,완득이,김효숙,5311350
170,트랜스포머: 사라진 시대,마크 월버그,5295836
171,트랜스포머: 사라진 시대,제시카 고메즈,5295836
172,트랜스포머: 사라진 시대,니콜라 펠츠,5295836
173,월드 워 Z,미레유 에노스,5237525
174,월드 워 Z,브래드 피트,5237525
175,월드 워 Z,매튜 폭스,5237525
176,미녀와 야수,레아 세이두,5138328
177,미녀와 야수,페이지 오하라,5138328
178,미녀와 야수,밀라 파렐리,5138328
179,미녀와 야수,루크 에반스,5138328
180,미녀와 야수,뱅상 카셀,5138328
181,미녀와 야수,장 마레,5138328
182,미녀와 야수,엠마 왓슨,5138328
183,미녀와 야수,로비 벤슨,5138328
184,미녀와 야수,댄 스티븐스,5138328
185,미녀와 야수,자셋 데이,5138328
186,쿵푸팬더 2,안젤리나 졸리,5064796
187,쿵푸팬더 2,더스틴 호프만,5064796
188,쿵푸팬더 2,잭 블랙,5064796
189,인사이드 아웃,카일 맥라클란,4969735
190,인사이드 아웃,다이안 레인,4969735
191,인사이드 아웃,에이미 포엘러,4969735
192,킹스맨: 골든 서클,줄리안 무어,4945484
193,바람과 함께 사라지다,레슬리 하워드,4909950
194,바람과 함께 사라지다,클라크 게이블,4909950
195,바람과 함께 사라지다,오지호,4909950
196,바람과 함께 사라지다,민효린,4909950
197,바람과 함께 사라지다,비비안 리,4909950
198,마션,제프 다니엘스,4881865
199,마션,맷 데이먼,4881865
200,마션,제시카 차스테인,4881865
201,토르: 라그나로크,톰 히들스턴,4853778
202,토르: 라그나로크,케이트 블란쳇,4853778
203,어메이징 스파이더맨,마틴 쉰,4853273
204,어메이징 스파이더맨,앤드류 가필드,4853273
205,어메이징 스파이더맨,엠마 스톤,4853273
206,"님아, 그 강을 건너지 마오",강계열,4801873
207,"님아, 그 강을 건너지 마오",조병만,4801873
208,조선명탐정 : 각시투구꽃의 비밀,김명민,4786259
209,조선명탐정 : 각시투구꽃의 비밀,김호연,4786259
210,군도: 민란의 시대,최귀화,4775811
211,주토피아,지니퍼 굿윈,4706158
212,주토피아,제이슨 베이트먼,4706158
213,주토피아,샤키라,4706158
214,엣지 오브 투모로우,에밀리 블런트,4699307
215,엣지 오브 투모로우,빌 팩스톤,4699307
216,신비한 동물사전,콜린 파렐,4667179
217,신비한 동물사전,에디 레드메인,4667179
218,신비한 동물사전,캐서린 워터스턴,4667179
219,도가니,허재호,4662914
220,쿵푸 팬더,루시 루,4654266
221,내 아내의 모든 것,이선균,4598985
222,판도라,제임스 메이슨,4584800
223,판도라,에바 가드너,4584800
224,맘마미아!,아만다 사이프리드,4578239
225,맘마미아!,메릴 스트립,4578239
226,연가시,강지원,4515833
227,터미네이터 : 미래전쟁의 시작,문 블러드굿,4499776
228,아이언맨 2,돈 치들,4425003
229,해리포터와 죽음의 성물2,다니엘 래드클리프,4421210
230,해리포터와 죽음의 성물2,루퍼트 그린트,4421210
231,엑스맨: 데이즈 오브 퓨처 패스트,제임스 맥어보이,4313871
232,엑스맨: 데이즈 오브 퓨처 패스트,마이클 패스벤더,4313871
233,강철중: 공공의 적 1-1,강신일,4313102
234,아이언맨,테렌스 하워드,4300365
235,아이언맨,제프 브리지스,4300365
236,아가씨,김민희,4288530
237,아가씨,김태리,4288530
238,말아톤,이진영,4196859
239,말아톤,김미숙,4196859
240,다크 나이트,히스 레저,4175526
241,어메이징 스파이더맨 2,제이미 폭스,4168353
242,용의자,박희순,4131338
243,건축학개론,한가인,4113234
244,건축학개론,엄태웅,4113234
245,건축학개론,이제훈,4113234
246,인디아나 존스 4 : 크리스탈 해골의 왕국,해리슨 포드,4111753
247,미이라 3:황제의 무덤,브렌든 프레이저,4090885
248,미이라 3:황제의 무덤,마리아 벨로,4090885
249,미이라 3:황제의 무덤,이연걸,4090885
250,댄싱퀸,엄정화,4058225
251,댄싱퀸,정성화,4058225
252,7급 공무원,김하늘,4039891
253,7급 공무원,강지환,4039891
254,7급 공무원,유승목,4039891
255,우리 생애 최고의 순간,문소리,4018872
256,우리 생애 최고의 순간,김정은,4018872
257,꾼,강필선,4018035
258,꾼,유지태,4018035
259,타짜-신의 손,신세경,4015361
260,타짜-신의 손,최승현,4015361
261,강철비,김갑수,4014293
262,혹성탈출: 반격의 서막,앤디 서키스,4002560
263,혹성탈출: 반격의 서막,제이슨 클락,4002560
264,박수건달,엄지원,3897969
265,박수건달,김정태,3897969
266,박수건달,박신양,3897969
267,매드 맥스: 분노의 도로,톰 하디,3884130
268,매드 맥스: 분노의 도로,니콜라스 홀트,3884130
269,매드 맥스: 분노의 도로,샤를리즈 테론,3884130
270,조선명탐정 : 사라진 놉의 딸,이연희,3872015
271,역린,조정석,3849700
272,쌍화점,송지효,3749034
273,쌍화점,주진모,3749034
274,신기전,한은정,3728439
275,미이라,애나벨 월리스,3689325
276,미이라,소피아 부텔라,3689325
277,너의 이름은.,카미키 류노스케,3674371
278,너의 이름은.,카미시라이시 모네,3674371
279,너의 이름은.,나가사와 마사미,3674371
280,분노의 질주: 더 익스트림,드웨인 존슨,3653238
281,분노의 질주: 더 익스트림,빈 디젤,3653238
282,인턴,르네 루소,3611166
283,귀향,박상훈,3587182
284,귀향,카르멘 마우라,3587182
285,귀향,강하나,3587182
286,귀향,손숙,3587182
287,귀향,이새별,3587182
288,귀향,카타오카 레이코,3587182
289,귀향,페넬로페 크루즈,3587182
290,귀향,니시지마 히데토시,3587182
291,귀향,서미지,3587182
292,귀향,박지아,3587182
293,라라랜드,라이언 고슬링,3570395
294,라라랜드,핀 위트록,3570395
295,킹콩,애드리언 브로디,3470057
296,킹콩,페이 레이,3470057
297,킹콩,나오미 왓츠,3470057
298,킹콩,로버트 암스트롱,3470057
299,킹콩,브루스 캐벗,3470057
300,부러진 화살,박원상,3460212
301,부러진 화살,나영희,3460212
302,끝까지 간다,신정근,3450305
303,스파이,제이슨 스타뎀,3436092
304,스파이,주드 로,3436092
305,스파이,다니엘 헤니,3436092
306,스파이,멜리사 맥카시,3436092
307,비긴 어게인,애덤 리바인,3433973
308,비긴 어게인,키이라 나이틀리,3433973
309,어바웃 타임,빌 나이,3396313
310,어바웃 타임,도널 글리슨,3396313
311,맨 인 블랙 3,켄 아놀드,3379762
312,맨 인 블랙 3,윌 스미스,3379762
313,맨 인 블랙 3,토미 리 존스,3379762
314,이끼,유준상,3350311
315,포화속으로,차승원,3330326
316,포화속으로,권상우,3330326
317,슈퍼배드 3,크리스틴 위그,3324874
318,슈퍼배드 3,트레이 파커,3324874
319,슈퍼배드 3,스티브 카렐,3324874
320,데드풀,모레나 바카린,3317196
321,데드풀,라이언 레놀즈,3317196
322,데드풀,에드 스크레인,3317196
323,아이 캔 스피크,박철민,3279296
324,스타워즈: 깨어난 포스,캐리 피셔,3273879
325,스타워즈: 깨어난 포스,마크 해밀,3273879
326,분노의 질주: 더 세븐,폴 워커,3248904
327,터미네이터 제니시스,에밀리아 클라크,3240370
328,터미네이터 제니시스,아놀드 슈왈제네거,3240370
329,그래비티,조지 클루니,3227647
330,그래비티,산드라 블록,3227647
331,공공의 적 2,정준호,3134424
332,캐리비안의 해적: 낯선 조류,조니 뎁,3130046
333,캐리비안의 해적: 낯선 조류,이안 맥쉐인,3130046
334,퀵,강예원,3125069
335,퀵,고창석,3125069
336,친절한 금자씨,권예영,3120784
337,친절한 금자씨,이영애,3120784
338,감기,수애,3117859
339,감기,장혁,3117859
340,감기,박민하,3117859
341,나우 유 씨 미 2,우디 해럴슨,3100113
342,나우 유 씨 미 2,제시 아이젠버그,3100113
343,캐리비안의 해적: 죽은 자는 말이 없다,카야 스코델라리오,3049894
344,캐리비안의 해적: 죽은 자는 말이 없다,올랜도 블룸,3049894
345,스물,강하늘,3044859
346,스물,이준호,3044859
347,토르: 다크 월드,나탈리 포트만,3039889
348,거북이 달린다,정경호,3024666
349,거북이 달린다,견미리,3024666
350,헬로우 고스트,이문수,3019960
351,오싹한 연애,이민기,3009396
352,오싹한 연애,신동훈,3009396
353,레드: 더 레전드,브루스 윌리스,3004649
354,레드: 더 레전드,메리-루이스 파커,3004649
355,드래곤 길들이기 2,제이 바루첼,3000115
356,드래곤 길들이기 2,제라드 버틀러,3000115
357,방자전,조여정,2985556
358,형,도경수,2982230
359,마더,다니엘 크레이그,2979805
360,마더,김혜자,2979805
361,마더,앤 레이드,2979805
362,친구 2,유오성,2971475
363,식객,이태리,2965359
364,식객,이하나,2965359
365,식객,김강우,2965359
366,26년,임슬옹,2963652
367,26년,한혜진,2963652
368,고지전,고수,2945151
369,엑스맨: 아포칼립스,제니퍼 로렌스,2938818
370,워낭소리,이삼순,2934467
371,워낭소리,최원균,2934467
372,워낭소리,최종만,2934467
373,프리즌,김래원,2931897
374,프리즌,정웅인,2931897
375,황금 나침반,니콜 키드먼,2906958
376,극비수사,송영창,2860786
377,원티드,모건 프리먼,2858750
378,표적,이진욱,2841828
379,앤트맨,마이클 더글라스,2841795
380,앤트맨,폴 러드,2841795
381,앤트맨,에반젤린 릴리,2841795
382,호빗: 다섯 군대 전투,마틴 프리먼,2836774
383,호빗: 다섯 군대 전투,이안 맥켈런,2836774
384,호빗: 다섯 군대 전투,리차드 아미티지,2836774
385,슈렉3,마이크 마이어스,2826957
386,슈렉3,카메론 디아즈,2826957
387,메이즈 러너,딜런 오브라이언,2812427
388,메이즈 러너,윌 폴터,2812427
389,빅 히어로,스콧 애짓,2801949
390,빅 히어로,라이언 포터,2801949
391,덩케르크,마크 라이런스,2788732
392,덩케르크,케네스 브래너,2788732
393,혹성탈출: 진화의 시작,제임스 프랭코,2773794
394,혹성탈출: 진화의 시작,프리다 핀토,2773794
395,혹성탈출: 진화의 시작,브라이언 콕스,2773794
396,메이즈 러너: 스코치 트라이얼,토마스 생스터,2744413
397,가디언즈 오브 갤럭시 VOL. 2,데이브 바티스타,2735721
398,내가 살인범이다,최원영,2729827
399,내가 살인범이다,박시후,2729827
400,부당거래,김승훈,2723028
401,미스 페레그린과 이상한 아이들의 집,아사 버터필드,2718158
402,미스 페레그린과 이상한 아이들의 집,에바 그린,2718158
403,소원,이레,2711094
404,너는 내 운명,전도연,2701851
405,너는 내 운명,원미경,2701851
406,너는 내 운명,한미영,2701851
407,너는 내 운명,이영하,2701851
408,적벽대전 2 : 최후의 결전,조미,2694436
409,적벽대전 2 : 최후의 결전,양조위,2694436
410,적벽대전 2 : 최후의 결전,금성무,2694436
411,시라노; 연애조작단,이민정,2684798
412,시라노; 연애조작단,최다니엘,2684798
413,지.아이.조 : 전쟁의 서막,채닝 테이텀,2665886
414,지.아이.조 : 전쟁의 서막,시에나 밀러,2665886
415,지.아이.조 : 전쟁의 서막,버튼 페레즈,2665886
416,살인자의 기억법,설현,2658589
417,브레이킹 던 part2,테일러 로트너,2654817
418,브레이킹 던 part2,로버트 패틴슨,2654817
419,브레이킹 던 part2,크리스틴 스튜어트,2654817
420,우주전쟁,저스틴 채트윈,2643153
421,타이탄,랄프 파인즈,2642483
422,후궁 : 제왕의 첩,김민준,2636385
423,후궁 : 제왕의 첩,김동욱,2636385
424,탐정 : 더 비기닝,박해준,2625686
425,미니언즈,존 햄,2625636
426,미니언즈,마이클 키튼,2625636
427,트랜스포머: 최후의 기사,로라 하드독,2614601
428,트랜스포머: 최후의 기사,안소니 홉킨스,2614601
429,하울의 움직이는 성,기무라 다쿠야,2614043
430,하울의 움직이는 성,바이쇼 치에코,2614043
431,제이슨 본,줄리아 스타일즈,2611966
432,도리를 찾아서,알버트 브룩스,2601761
433,도리를 찾아서,엘렌 드제너스,2601761
434,도리를 찾아서,다이안 키튼,2601761
435,위험한 상견례,송새벽,2595625
436,위험한 상견례,이시영,2595625
437,아수라,김현빈,2594420
438,보안관,김성균,2588628
439,기술자들,김영철,2564340
440,굿모닝 프레지던트,이순재,2554960
441,굿모닝 프레지던트,한동학,2554960
442,굿모닝 프레지던트,장동건,2554960
443,태극기 휘날리며,이은주,2545566
444,라스트 갓파더,심형래,2541603
445,라스트 갓파더,마이클 리스폴리,2541603
446,라스트 갓파더,하비 케이틀,2541603
447,퍼시픽 림,이드리스 엘바,2539113
448,퍼시픽 림,론 펄먼,2539113
449,퍼시픽 림,찰리 허냄,2539113
450,정글북,빌 머레이,2537438
451,정글북,닐 세티,2537438
452,1번가의 기적,임창정,2535450
453,엑스맨: 퍼스트 클래스,로즈 번,2534979
454,엑스맨: 퍼스트 클래스,재뉴어리 존스,2534979
455,마이펫의 이중생활,레이크 벨,2520700
456,마이펫의 이중생활,스티브 쿠건,2520700
457,마이펫의 이중생활,엘리 켐퍼,2520700
458,조작된 도시,안재홍,2515501
459,조작된 도시,지창욱,2515501
460,우리들의 행복한 시간,윤여정,2472160
461,우리들의 행복한 시간,이나영,2472160
462,나는 전설이다,알리스 브라가,2460225
463,보스 베이비,알렉 볼드윈,2452245
464,보스 베이비,스티브 부세미,2452245
465,보스 베이비,리사 쿠드로,2452245
466,이웃사람,천호진,2434435
467,재심,김해숙,2421197
468,화이: 괴물을 삼킨 아이,여진구,2394487
469,007 스카이폴,하비에르 바르뎀,2376266
470,007 스카이폴,주디 덴치,2376266
471,가문의 영광4 - 가문의 수난,임형준,2368267
472,가문의 영광4 - 가문의 수난,김수미,2368267
473,가문의 영광4 - 가문의 수난,신현준,2368267
474,블라인드,엘렌 도리트 페테르센,2367942
475,블라인드,유승호,2367942
476,블라인드,헨릭 라파엘센,2367942
477,블라인드,조희봉,2367942
478,박열,최희서,2359206
479,박열,김인우,2359206
480,테이큰,매기 그레이스,2359061
481,미인도,김영호,2342579
482,미인도,김민선,2342579
483,모아나,아우이 크라발호,2310206
484,모아나,알란 터딕,2310206
485,테이큰 2,팜키 얀센,2308596
486,음란서생,김민정,2304368
487,이글 아이,도니 제프콧,2292172
488,이글 아이,미셸 모나한,2292172
489,하녀,주증녀,2267579
490,하녀,사노 슈지,2267579
491,하녀,이은심,2267579
492,하녀,김진규,2267579
493,하녀,히다리 사치코,2267579
494,하녀,시시도 조,2267579
495,컨저링,패트릭 윌슨,2262758
496,컨저링,릴리 테일러,2262758
497,컨저링,베라 파미가,2262758
498,배트맨 대 슈퍼맨: 저스티스의 시작,헨리 카빌,2256913
499,배트맨 대 슈퍼맨: 저스티스의 시작,벤 애플렉,2256913
500,7광구,김성태,2242510
501,배틀쉽,테일러 키치,2241687
502,배틀쉽,알렉산더 스카르가드,2241687
503,슈렉 포에버,에디 머피,2224118
504,어거스트 러쉬,조나단 리스 마이어스,2207595
505,어거스트 러쉬,프레디 하이모어,2207595
506,어거스트 러쉬,케리 러셀,2207595
507,박쥐,김옥빈,2206948
508,007 퀀텀 오브 솔러스,올가 큐리렌코,2205160
509,007 퀀텀 오브 솔러스,매티유 아맬릭,2205160
510,강남 1970,이민호,2192276
511,강남 1970,정진영,2192276
512,로건,패트릭 스튜어트,2169109
513,로건,보이드 홀브룩,2169109
514,"나니아 연대기-사자,마녀 그리고 옷장",스캔더 킨즈,2168613
515,"나니아 연대기-사자,마녀 그리고 옷장",조지 헨리,2168613
516,원더 우먼,갤 가돗,2165401
517,원더 우먼,크리스 파인,2165401
518,원더 우먼,로빈 라이트,2165401
519,이상한 나라의 앨리스,리차드 하이든,2147012
520,이상한 나라의 앨리스,캐서린 보몬트,2147012
521,이상한 나라의 앨리스,헬레나 본햄 카터,2147012
522,이상한 나라의 앨리스,에드 윈,2147012
523,마이 웨이,오다기리 조,2142670
524,마이 웨이,판빙빙,2142670
525,나의 사랑 나의 신부,신민아,2141155
526,나의 사랑 나의 신부,윤정희,2141155
527,겟 아웃,브래들리 휘트포드,2138174
528,겟 아웃,다니엘 칼루야,2138174
529,겟 아웃,앨리슨 윌리암스,2138174
530,내 사랑 내 곁에,남능미,2135509
531,초능력자,김한나,2130645
532,굿바이 싱글,김현수,2108561
533,내부자들: 디 오리지널,신지수,2084868
534,논스톱,미쉘 독커리,2084482
535,장화신은 고양이,자크 갈리피아나키스,2080445
536,장화신은 고양이,안토니오 반데라스,2080445
537,장화신은 고양이,셀마 헤이엑,2080445
538,인투 더 스톰,사라 웨인 콜리스,2078825
539,인투 더 스톰,제레미 섬터,2078825
540,쩨쩨한 로맨스,최강희,2067538
541,쩨쩨한 로맨스,류현경,2067538
542,뷰티 인사이드,김대명,2057896
543,뷰티 인사이드,도지한,2057896
544,혹성탈출: 종의 전쟁,스티브 잔,2051315
545,봉이 김선달,조재현,2051277
546,노아,로건 레먼,2026594
547,테이큰 3,팜케 얀센,2006561
548,색즉시공 시즌2,최성국,2002423
549,트로이,다이앤 크루거,2001293
550,트로이,에릭 바나,2001293
551,박물관이 살아있다 2,벤 스틸러,1972440
552,박물관이 살아있다 2,로빈 윌리엄스,1972440
553,페르시아의 왕자: 시간의 모래,제이크 질렌할,1970823
554,페르시아의 왕자: 시간의 모래,젬마 아터튼,1970823
555,애나벨 : 인형의 주인,스테파니 시그만,1934270
556,애나벨 : 인형의 주인,미란다 오토,1934270
557,애나벨 : 인형의 주인,알리시아 벨라 베일리,1934270
558,컨저링 2,프란카 포텐테,1928605
559,혈의 누,지성,1926681
560,혈의 누,박용우,1926681
561,터보,폴 지아마티,1925154
562,터보,마이클 페나,1925154
563,"색, 계",탕웨이,1925102
564,천사와 악마,이완 맥그리거,1906687
565,천사와 악마,톰 행크스,1906687
566,수어사이드 스쿼드,마고 로비,1898220
567,수어사이드 스쿼드,자레드 레토,1898220
568,그림자 살인,송요셉,1892467
569,그림자 살인,류덕환,1892467
570,오늘의 연애,이서진,1891993
571,오늘의 연애,문채원,1891993
572,오늘의 연애,이승기,1891993
573,내 머리 속의 지우개,데이비드 맥기니스,1887850
574,글러브,김혜성,1887733
575,글러브,김미경,1887733
576,코리아,한예리,1872682
577,연애의 온도,최무성,1865354
578,댄서의 순정,박건형,1856761
579,댄서의 순정,김은경,1856761
580,노무현입니다,이상호,1855149
581,노무현입니다,노무현,1855149
582,집으로 가는 길,류태호,1854711
583,퍼시 잭슨과 번개 도둑,피어스 브로스넌,1846180
584,해결사,이정진,1843404
585,해결사,존 에이브러햄,1843404
586,해결사,이영수,1843404
587,나의 PS 파트너,김아중,1831741
588,나의 PS 파트너,신소율,1831741
589,007 스펙터,크리스토프 왈츠,1820842
590,악마를 보았다,조승민,1817069
591,아내가 결혼했다,주상욱,1799447
592,저스티스 리그,제이슨 모모아,1786383
593,작전명 발키리,빌 나이히,1784165
594,나를 찾아줘,닐 패트릭 해리스,1764233
595,나를 찾아줘,로자먼드 파이크,1764233
596,대호,김상호,1762742
597,대호,정만식,1762742
598,제보자,유연석,1755181
599,내셔널 트레져:비밀의 책,니콜라스 케이지,1745669
600,내셔널 트레져:비밀의 책,존 보이트,1745669
601,전설의 주먹,이요원,1744585
602,이미테이션 게임,매튜 구드,1744146
603,씽,리즈 위더스푼,1730773
604,러브픽션,이병준,1726227
605,러브픽션,공효진,1726227
606,언터처블: 1%의 우정,프랑수아 클뤼제,1721611
607,언터처블: 1%의 우정,오마 사이,1721611
608,실미도,허준호,1719167
609,평양성,이문식,1717566
610,샌 안드레아스,알렉산드리아 다다리오,1716455
611,바람피기 좋은 날,이종혁,1708979
612,바람피기 좋은 날,윤진서,1708979
613,토르: 천둥의 신,스텔란 스카스가드,1694562
614,토르: 천둥의 신,스튜어트 타운젠드,1694562
615,콩: 스컬 아일랜드,브리 라슨,1689717
616,피끓는 청춘,이종석,1676040
617,피끓는 청춘,이세영,1676040
618,23 아이덴티티,헤일리 루 리차드슨,1675819
619,23 아이덴티티,안야 테일러 조이,1675819
620,불꽃처럼 나비처럼,최경원,1670652
621,점퍼,헤이든 크리스텐슨,1665268
622,점퍼,레이첼 빌슨,1665268
623,점퍼,제이미 벨,1665268
624,마다가스카의 펭귄,톰 맥그라스,1661388
625,그대를 사랑합니다,송재호,1649407
626,그대를 사랑합니다,윤소정,1649407
627,아이스 에이지 4: 대륙 이동설,존 레귀자모,1648110
628,아이스 에이지 4: 대륙 이동설,레이 로마노,1648110
629,아이스 에이지 4: 대륙 이동설,데니스 리어리,1648110
630,마다가스카3 : 이번엔 서커스다!,크리스 록,1635088
631,마다가스카3 : 이번엔 서커스다!,데이빗 쉼머,1635088
632,고死 : 피의 중간고사,김범,1634192
633,고死 : 피의 중간고사,남규리,1634192
634,두근두근 내 인생,김승욱,1624601
635,두근두근 내 인생,송혜교,1624601
636,블랙 스완,밀라 쿠니스,1623518
637,우아한 거짓말,김희애,1619601
638,우아한 거짓말,고아성,1619601
639,우아한 거짓말,김유정,1619601
640,하울링,이여진,1612554
641,스타트렉 다크니스,칼 어번,1607555
642,밀양,조영진,1604439
643,라이프 오브 파이,이르판 칸,1593463
644,라이프 오브 파이,수라즈 샤르마,1593463
645,라이프 오브 파이,라프 스팰,1593463
646,300: 제국의 부활,설리반 스탭플턴,1593116
647,300: 제국의 부활,레나 헤디,1593116
648,라디오 스타,김현아,1590757
649,위플래쉬,J.K. 시몬스,1589048
650,위플래쉬,마일즈 텔러,1589048
651,오페라의 유령,에미 로섬,1577188
652,지구가 멈추는 날,제니퍼 코넬리,1576492
653,지구가 멈추는 날,키아누 리브스,1576492
654,적벽대전:거대한 전쟁의 시작,장첸,1572064
655,로빈 후드,막스 본 시도우,1570681
656,무적자,송승헌,1546132
657,원스어폰어타임,이보영,1544486
658,원스어폰어타임,서민균,1544486
659,벼랑 위의 포뇨,야마구치 토모코,1518188
660,벼랑 위의 포뇨,아마미 유키,1518188
661,작전,박용하,1517096
662,오블리비언,올가 쿠릴렌코,1515356
663,몬스터 호텔 2,케빈 제임스,1515104
664,몬스터 호텔 2,셀레나 고메즈,1515104
665,몬스터 호텔 2,아담 샌들러,1515104
666,엑소더스: 신들과 왕들,조엘 에저튼,1511845
667,퍼펙트 게임,최정원,1507084
668,퍼펙트 게임,양동근,1507084
669,스파이더맨 2,커스틴 던스트,1506217
670,스파이더맨 2,토비 맥과이어,1506217
671,인디펜던스 데이 : 리써전스,제프 골드블럼,1500830
672,인디펜던스 데이 : 리써전스,리암 헴스워스,1500830
673,인디펜던스 데이 : 리써전스,빌 풀만,1500830
674,부라더,이하늬,1492903
675,부라더,이동휘,1492903
676,더 게임,숀 펜,1479859
677,해무(海霧),박유천,1475582
678,차이나타운,페이 더너웨이,1472147
679,차이나타운,김고은,1472147
680,차이나타운,엄태구,1472147
681,차이나타운,잭 니콜슨,1472147
682,토이 스토리 3,조앤 쿠삭,1459973
683,새미의 어드벤쳐 2,아이유,1457406
684,새미의 어드벤쳐 2,이기광,1457406
685,새미의 어드벤쳐 2,김원효,1457406
686,위대한 개츠비,캐리 뮬리건,1445248
687,인간중독,임지연,1441990
688,잃어버린 세계를 찾아서,조쉬 허처슨,1439506
689,다이하드: 굿 데이 투 다이,제이 코트니,1438056
690,탐정 홍길동: 사라진 마을,박근형,1430885
691,벤허,잭 호킨스,1400397
692,벤허,토비 켑벨,1400397
693,벤허,하야 할라이드,1400397
694,벤허,찰톤 헤스톤,1400397
695,벤허,잭 휴스턴,1400397
696,말레피센트,엘르 패닝,1397526
697,예스맨,짐 캐리,1395498
698,예스맨,주이 데샤넬,1395498
699,기억의 밤,문성근,1386611
700,구르믈 버서난 달처럼,김성훈,1383867
701,해피 데스데이,이스라엘 브로우사드,1382650
702,해피 데스데이,제시카 로테,1382650
703,폼페이: 최후의 날,에밀리 브라우닝,1373873
704,폼페이: 최후의 날,킷 해링턴,1373873
705,폼페이: 최후의 날,키퍼 서덜랜드,1373873
706,브이아이피,강소백,1373316
707,라스트 에어벤더,데브 파텔,1371164
708,라스트 에어벤더,잭슨 라스본,1371164
709,라스트 에어벤더,노아 링어,1371164
710,차형사,성유리,1346754
711,차형사,이수혁,1346754
712,신들의 전쟁,미키 루크,1338411
713,닌자 어쌔신,정지훈,1332819
714,닌자 어쌔신,나오미 해리스,1332819
715,미스터 고,이훈민,1329061
716,미스터 고,서교,1329061
717,월ㆍE,벤 버트,1327755
718,월ㆍE,엘리사 나이트,1327755
719,검은 집,김혜정,1322196
720,검은 집,유선,1322196
721,드라큘라: 전설의 시작,도미닉 쿠퍼,1321751
722,영화는 영화다,소지섭,1311118
723,영화는 영화다,홍수현,1311118
724,간첩,염정아,1310895
725,알렉산더,발 킬머,1310604
726,청담보살,이준혁,1308810
727,청담보살,박예진,1308810
728,월드 인베이젼,브리짓 모나핸,1307873
729,월드 인베이젼,미쉘 로드리게즈,1307873
730,월드 인베이젼,아론 에크하트,1307873
731,에이리언: 커버넌트,캘리 헤르난데스,1307226
732,장산범,허진,1306438
733,장산범,박혁권,1306438
734,간 큰 가족,김수로,1305518
735,엑스맨 탄생: 울버린,리브 슈라이버,1280734
736,킹콩을 들다,조안,1262858
737,킹콩을 들다,김민영,1262858
738,간기남,박시연,1246185
739,꿀벌대소동,제리 사인펠드,1238064
740,꿀벌대소동,르네 젤위거,1238064
741,메리다와 마법의 숲,켈리 맥도날드,1231261
742,메리다와 마법의 숲,빌리 코놀리,1231261
743,메리다와 마법의 숲,엠마 톰슨,1231261
744,마다가스카 2,제이다 핀켓 스미스,1230470
745,찌라시: 위험한 소문,박성웅,1221427
746,토탈 리콜,케이트 베킨세일,1219637
747,토탈 리콜,제시카 비엘,1219637
748,결혼전야,김효진,1214839
749,육혈포 강도단,김혜옥,1214237
750,포비든 킹덤: 전설의 마스터를 찾아서,마이클 안가라노,1211890
751,포비든 킹덤: 전설의 마스터를 찾아서,성룡,1211890
752,심야의 F.M.,정혜영,1208310
753,악녀,성준,1208081
754,엘리시움,조디 포스터,1207732
755,엘리시움,샬토 코플리,1207732
756,해빙,신구,1204600
757,즐거운 인생,로미 슈나이더,1202719
758,즐거운 인생,미셸 피콜리,1202719
759,더 웹툰: 예고살인,정현태,1201457
760,더 웹툰: 예고살인,엄기준,1201457
761,황진이,장미희,1191810
762,황진이,전무송,1191810
763,황진이,심호성,1191810
764,황진이,장성원,1191810
765,황진이,신유주,1191810
766,레지던트 이블 4: 끝나지 않은 전쟁 3D,웬트워스 밀러,1190008
767,레지던트 이블 4: 끝나지 않은 전쟁 3D,밀라 요보비치,1190008
768,인사동 스캔들,임하룡,1187684
769,서양 골동 양과자점 앤티크,김재욱,1181332
770,동주,박정민,1175381
771,행복,장 클로드 드루오,1174495
772,행복,클레어 드루오,1174495
773,나니아 연대기: 새벽 출정호의 항해,벤 반스,1172586
774,웜 바디스,테레사 팔머,1169839
775,슬로우 비디오,남상미,1169562
776,"당신, 거기 있어줄래요",채서진,1168740
777,"당신, 거기 있어줄래요",변요한,1168740
778,장수상회,박해빛나,1166049
779,로맨틱 홀리데이,케이트 윈슬렛,1165157
780,워크래프트: 전쟁의 서막,폴라 패튼,1163274
781,워크래프트: 전쟁의 서막,벤 포스터,1163274
782,워크래프트: 전쟁의 서막,트래비스 핌멜,1163274
783,가문의 영광5 - 가문의 귀환,조성현,1160021
784,미씽: 사라진 여자,서하늬,1153201
785,고령화 가족,우혜진,1141222
786,"10,000 BC",카밀라 벨,1134364
787,"10,000 BC",스티븐 스트레이트,1134364
788,하루,소헤일라 고레스타니,1129609
789,하루,파비즈 파라스투이,1129609
790,하루,유재명,1129609
791,성난 변호사,오상철,1128288
792,김종욱 찾기,최지호,1122225
793,특수본,주원,1118258
794,달콤한 인생,아니타 에크베르그,1112950
795,달콤한 인생,마르첼로 마스트로얀니,1112950
796,6년째 연애중,차현정,1112238
797,라이트 아웃,가브리엘 베이트먼,1111284
798,회사원,이미연,1110523
799,스타 트렉: 더 비기닝,재커리 퀸토,1085447
800,베스트셀러,이도경,1081752
801,더 울버린,사나다 히로유키,1075333
802,더 울버린,윌 윤 리,1075333
803,분홍신,안톤 월브룩,1073189
804,분홍신,김성수,1073189
805,분홍신,모이라 시어러,1073189
806,분홍신,박연아,1073189
807,분홍신,마리우스 고링,1073189
808,그 여자 작사 그 남자 작곡,휴 그랜트,1073095
809,그 여자 작사 그 남자 작곡,드류 베리모어,1073095
810,오빠생각,임시완,1069864
811,알포인트,손병호,1068362
812,마루 밑 아리에티,시다 미라이,1068004
813,마루 밑 아리에티,미우라 토모카즈,1068004
814,섹스 앤 더 시티,킴 캐트럴,1067707
815,섹스 앤 더 시티,신시아 닉슨,1067707
816,섹스 앤 더 시티,사라 제시카 파커,1067707
817,"날, 보러와요",이상윤,1063442
818,"날, 보러와요",최진호,1063442
819,수상한 고객들,윤하,1059350
820,몬스터 하우스,샘 러너,1051552
821,몬스터 하우스,밋첼 머소,1051552
822,점박이:한반도의 공룡3D,신용우,1051257
823,점박이:한반도의 공룡3D,구자형,1051257
824,점박이:한반도의 공룡3D,이형석,1051257
825,동창생,사쿠라기 린,1048280
826,동창생,콘노 리노,1048280
827,노잉,챈들러 캔터베리,1047062
828,그놈이다,이유영,1046313
829,스텝업 2 : 더 스트리트,윌 켐프,1044659
830,스텝업 2 : 더 스트리트,선자 손,1044659
831,스텝업 2 : 더 스트리트,브리아나 에비건,1044659
832,시크릿,송윤아,1043602
833,시크릿,리차드 기어,1043602
834,시크릿,수잔 서랜든,1043602
835,지금 사랑하는 사람과 살고 있습니까?,이동건,1042955
836,지금 사랑하는 사람과 살고 있습니까?,한채영,1042955
837,업,에드워드 애스너,1032792
838,업,밥 피터슨,1032792
839,주홍글씨,성현아,1030493
840,지오스톰,캐서린 윈닉,1028384
841,지오스톰,짐 스터게스,1028384
842,오직 그대만,김혜진,1027782
843,개구쟁이 스머프,행크 아자리아,1027436
844,슈퍼 배드,미란다 코스그로브,1027050
845,슈퍼 배드,태연,1027050
846,라따뚜이,패튼 오스왈트,1025563
847,라따뚜이,루 로마노,1025563
848,라따뚜이,피터 손,1025563
849,삼국지:용의 부활,적룡,1025302
850,삼국지:용의 부활,유덕화,1025302
851,삼국지:용의 부활,매기 큐,1025302
852,짝패,류승완,1021638
853,짝패,정두홍,1021638
854,짝패,김효선,1021638
855,로그 원: 스타워즈 스토리,매즈 미켈슨,1019309
856,로그 원: 스타워즈 스토리,디에고 루나,1019309
857,로그 원: 스타워즈 스토리,펠리시티 존스,1019309
858,이프 온리,제니퍼 러브 휴잇,1019061
859,이프 온리,폴 니콜스,1019061
860,역도산,유병훈,1018382
861,역도산,이명수,1018382
862,본 레거시,레이첼 와이즈,1015832
863,본 레거시,에드워드 노튼,1015832
864,라푼젤,맨디 무어,1014595
865,라푼젤,재커리 레비,1014595
866,파괴된 사나이,박주미,1012310
867,밴티지 포인트,포레스트 휘테커,1007729
868,밴티지 포인트,데니스 퀘이드,1007729
869,맨 인 더 다크,스티븐 랭,1003406
870,맨 인 더 다크,딜런 미네트,1003406
871,맨 인 더 다크,제인 레비,1003406
872,인크레더블 헐크,리브 타일러,991417
873,방황하는 칼날,이진성,989906
874,원더풀 라디오,이광수,986287
875,새미의 어드벤쳐,유리 로웬탈,981294
876,새미의 어드벤쳐,멜라니 그리피스,981294
877,새미의 어드벤쳐,이사벨 퍼만,981294
878,파퍼씨네 펭귄들,안젤라 랜스베리,980387
879,파퍼씨네 펭귄들,칼라 구기노,980387
880,로보캅,조엘 키나만,979509
881,로보캅,피터 웰러,979509
882,로보캅,낸시 알렌,979509
883,향수 : 어느 살인자의 이야기,벤 위쇼,979344
884,전국노래자랑,이토 아유미,978413
885,전국노래자랑,코바야시 넨지,978413
886,전국노래자랑,김인권,978413
887,전국노래자랑,무로이 시게루,978413
888,돈 크라이 마미,남보라,975462
889,방가? 방가!,신현빈,972431
890,프로메테우스,누미 라파스,971482
891,우리는 형제입니다,윤진이,970373
892,바보,버스터 키튼,967654
893,슈퍼배드 2,알 파치노,963763
894,내 사랑,샐리 호킨스,962134
895,잭 더 자이언트 킬러,엘레노어 톰린슨,956154
896,스텝업4 : 레볼루션,라이언 구즈만,953871
897,스텝업4 : 레볼루션,메간 본,953871
898,스텝업4 : 레볼루션,캐서린 맥코믹,953871
899,빨간모자의 진실,글렌 클로즈,952793
900,스타워즈: 라스트 제다이,아담 드라이버,946547
901,미 비포 유,매튜 루이스,945172
902,미 비포 유,샘 클라플린,945172
903,트랜스포터-라스트 미션,나탈리아 루다코바,937224
904,GP 506,이영훈,936945
905,GP 506,조현재,936945
906,뽀로로 극장판 슈퍼썰매 대모험,이미자,931953
907,뽀로로 극장판 슈퍼썰매 대모험,이선,931953
908,뽀로로 극장판 슈퍼썰매 대모험,김환진,931953
909,애나벨,워드 호튼,926107
910,애나벨,알프레 우다드,926107
911,개구쟁이 스머프 2,박명수,921788
912,개구쟁이 스머프 2,크리스티나 리치,921788
913,매그니피센트 7,덴젤 워싱턴,921317
914,평행이론,지진희,921111
915,갓 오브 이집트,니콜라이 코스터 왈도,919834
916,갓 오브 이집트,코트니 이튼,919834
917,주먹왕 랄프,존 C. 레일리,918823
918,주먹왕 랄프,제인 린치,918823
919,주먹왕 랄프,잭 맥브레이어,918823
920,썬더와 마법저택,김태균,904143
921,썬더와 마법저택,정찬우,904143
922,인크레더블,홀리 헌터,898773
923,인크레더블,크레이그 T. 넬슨,898773
924,크로싱,주다영,898000
925,크로싱,신명철,898000
926,크로싱,차인표,898000
927,황후화,주윤발,897678
928,황후화,공리,897678
929,그것,오웬 티그,888836
930,그것,핀 울프하드,888836
931,그것,빌 스카스가드,888836
932,오만과 편견,매튜 맥퍼딘,885183
933,오만과 편견,로렌스 올리비에,885183
934,오만과 편견,그리어 가슨,885183
935,몬스터 호텔,프란 드레셔,884988
936,블랙,라니 무케르지,877171
937,블랙,아미타브 바흐찬,877171
938,메가마인드,윌 페렐,875631
939,몬스터 대학교,빌리 크리스탈,870759
940,몬스터 대학교,존 굿맨,870759
941,미확인 동영상 : 절대클릭금지,강별,867386
942,아이스 에이지 3: 공룡시대,퀸 라티파,865658
943,패션 오브 크라이스트,마이아 모겐스턴,865018
944,패션 오브 크라이스트,모니카 벨루치,865018
945,패션 오브 크라이스트,제임스 카비젤,865018
946,오리엔트 특급 살인,윌렘 데포,863567
947,스카이 라인,토니 블랙,860340
948,스카이 라인,스카티 톰슨,860340
949,스카이 라인,에릭 벌포,860340
950,레전드 오브 타잔,알렉산더 스카스가드,858402
951,고死 두 번째 이야기: 교생실습,윤시윤,857038
952,고死 두 번째 이야기: 교생실습,황정음,857038
953,만추,정동환,849635
954,좋아해줘,최지우,848148
955,디스트릭트 9,제이슨 코프,841125
956,존 카터: 바숨 전쟁의 서막,린 콜린스,838126
957,야수,김원진,837011
958,야수,최령,837011
959,남쪽으로 튀어,오연수,832894
960,손님,천우희,828025
961,손님,정연주,828025
962,인시디어스 3,린 샤예,825517
963,인시디어스 3,더못 멀로니,825517
964,인시디어스 3,스테파니 스콧,825517
965,베이비 드라이버,케빈 스페이시,822769
966,베이비 드라이버,릴리 제임스,822769
967,베이비 드라이버,안셀 엘고트,822769
968,브리짓 존스의 베이비,패트릭 뎀시,820995
969,위대한 쇼맨,잭 에프런,814585
970,위대한 쇼맨,미쉘 윌리엄스,814585
971,아라한 장풍대작전,윤소이,810430
972,하트 오브 더 씨,킬리언 머피,809827
973,하늘에서 음식이 내린다면 2,안나 패리스,800062
974,하늘에서 음식이 내린다면 2,빌 헤이더,800062
975,써로게이트,라다 미첼,794475
976,화이트: 저주의 멜로디,강명희,790959
977,화이트: 저주의 멜로디,황우슬혜,790959
978,화이트: 저주의 멜로디,함은정,790959
979,상의원,홍수민,790370
980,잭 리처,로버트 듀발,784031
981,잭 리처,로자문드 파이크,784031
982,관능의 법칙,조민수,781516
983,A-특공대,브래들리 쿠퍼,777985
984,A-특공대,퀸튼 잭슨,777985
985,뽀로로 극장판 공룡섬 대모험,함수정,773743
986,푸른소금,천정명,771699
987,토르: 마법망치의 전설,최효종,768658
988,토르: 마법망치의 전설,하동훈,768658
989,리오 2,레슬리 만,765961
990,레지던트 이블: 파멸의 날,이아인 글렌,765259
991,레지던트 이블: 파멸의 날,알리 라터,765259
992,공각기동대 : 고스트 인 더 쉘,마이클 피트,764072
993,공각기동대 : 고스트 인 더 쉘,마이클 윈코트,764072
994,스플릿,이정현,758195
995,스플릿,이다윗,758195
996,볼트,마일리 사이러스,753569
997,볼트,존 트라볼타,753569
998,볼트,수지 에스먼,753569
999,"안녕, 헤이즐",쉐일린 우들리,749146
1000,"안녕, 헤이즐",냇 울프,749146
1001,순정만화,채정안,731706
1002,더 파이브,김선아,731212
1003,밀리언 달러 베이비,힐러리 스웽크,731077
1004,밀리언 달러 베이비,클린트 이스트우드,731077
1005,시간 여행자의 아내,진 윤,730885
1006,시간 여행자의 아내,레이첼 맥아덤즈,730885
1007,주유소 습격사건 2,박영규,729834
1008,주유소 습격사건 2,지현우,729834
1009,주유소 습격사건 2,조한선,729834
1010,김씨표류기,구교환,724987
1011,김씨표류기,정려원,724987
1012,비스티 보이즈,이정민,719587
1013,드림걸즈,비욘세 놀즈,716718
1014,신데렐라,김도연,716491
1015,신데렐라,리처드 매든,716491
1016,신데렐라,도지원,716491
1017,풍산개,박장면,714136
1018,풍산개,김규리,714136
1019,국가대표 2,오연서,710117
1020,고질라,애런 존슨,709734
1021,고질라,브라이언 크랜스톤,709734
1022,고질라,엘리자베스 올슨,709734
1023,두 얼굴의 여친,진태현,700417
1024,두 얼굴의 여친,봉태규,700417
1025,통증,김민욱,700272
1026,트랜센던스,레베카 홀,696436
1027,마음이2,달이,696382
1028,라스베가스에서만 생길 수 있는 일,애쉬튼 커처,693874
1029,외출,전현수,678916
1030,외출,김광일,678916
1031,외출,정서윤,678916
1032,외출,배용준,678916
1033,스파이더위크가의 비밀,사라 볼거,676155
1034,트롤,안나 켄드릭,675966
1035,트롤,저스틴 팀버레이크,675966
1036,트롤,주이 디샤넬,675966
1037,고양이: 죽음을 보는 두 개의 눈,김예론,672340
1038,고양이: 죽음을 보는 두 개의 눈,강경자,672340
1039,스텝 업 3D,샤니 빈슨,671845
1040,스텝 업 3D,애덤 G. 세바니,671845
1041,스텝 업 3D,릭 말람브리,671845
1042,패신저스,마이클 쉰,668977
1043,몬스터 vs 에이리언,휴 로리,661366
1044,하늘에서 음식이 내린다면,앤디 샘버그,655078
1045,하늘에서 음식이 내린다면,제임스 칸,655078
1046,아이 엠 넘버 포,알렉스 페티퍼,654386
1047,아이 엠 넘버 포,티모시 올리펀트,654386
1048,엔더스 게임,헤일리 스테인펠드,654212
1049,울학교 이티,백성현,652178
1050,울학교 이티,이한위,652178
1051,명탐정 코난 : 칠흑의 추적자,야마자키 와카나,651978
1052,명탐정 코난 : 칠흑의 추적자,다이고,651978
1053,명탐정 코난 : 칠흑의 추적자,타카야마 미나미,651978
1054,아빠는 딸,정소민,647305
1055,아빠는 딸,이일화,647305
1056,데스노트,마츠야마 켄이치,646687
1057,데스노트,후지와라 다쓰야,646687
1058,여고괴담 5,손은서,644717
1059,여고괴담 5,장경아,644717
1060,명탐정 코난 : 침묵의 15분,김선혜,644652
1061,실종,전세홍,644276
1062,실종,추자현,644276
1063,기담,김응수,644090
1064,기담,김보경,644090
1065,기담,이동규,644090
1066,리턴,김병철,641852
1067,리턴,정유석,641852
1068,머니볼,조나 힐,641323
1069,오션스,진지희,640704
1070,오션스,배한성,640704
1071,오션스,정보석,640704
1072,플랜맨,박진우,635740
1073,널 기다리며,김성오,635235
1074,페임,리 커레리,634100
1075,페임,케이 파나베이커,634100
1076,페임,애셔 북,634100
1077,페임,아이린 카라,634100
1078,페임,월터 페레즈,634100
1079,조선마술사,고아라,628576
1080,다찌마와리,임원희,628359
1081,설리: 허드슨강의 기적,로라 린니,627424
1082,로봇(애니),할리 베리,623723
1083,핸드폰,박솔미,622486
1084,아더 크리스마스,짐 브로드벤트,622286
1085,명탐정 코난: 천공의 난파선,야마구치 캇페이,618420
1086,앨빈과 슈퍼밴드2,매튜 그레이 구블러,617085
1087,앨빈과 슈퍼밴드2,제이슨 리,617085
1088,앨빈과 슈퍼밴드2,저스틴 롱,617085
1089,특종: 량첸살인기,이미숙,616481
1090,잭 리처: 네버 고 백,로버트 네퍼,612328
1091,잭 리처: 네버 고 백,코비 스멀더스,612328
1092,미쓰GO,고현정,611685
1093,앨빈과 슈퍼밴드,제시 맥카트니,609225
1094,우는 남자,민성욱,603495
1095,피에타,권세인,603283
1096,행복을 찾아서,탠디 뉴튼,599249
1097,콜롬비아나,칼럼 블루,598365
1098,타잔 3D,스펜서 로크,598204
1099,타잔 3D,켈란 루츠,598204
1100,왓치맨,재키 얼 헤일리,597118
1101,왓치맨,빌리 크루덥,597118
1102,왓치맨,제프리 딘 모건,597118
1103,이층의 악당,오재균,596864
1104,그린 존,제이슨 아이삭스,596403
1105,고고 70,곽선영,595199
1106,패션왕,김다율(김아현),594876
1107,황제를 위하여,장한새,592435
1108,맨 온 렛지,엘리자베스 뱅크스,591841
1109,반가운 살인자,김미소,590531
1110,47 미터,매튜 모딘,590045
1111,47 미터,클레어 홀트,590045
1112,바디 오브 라이즈,마크 스트롱,589899
1113,백설공주,마리아 도 카르모 롤로,585698
1114,백설공주,아미 해머,585698
1115,백설공주,릴리 콜린스,585698
1116,백설공주,줄리아 로버츠,585698
1117,레터스 투 줄리엣,크리스토퍼 에건,583114
1118,다크 섀도우,미쉘 파이퍼,582126
1119,용의주도 미스신,권오중,579973
1120,용의주도 미스신,한예슬,579973
1121,어린왕자,매켄지 포이,579367
1122,뜨거운 것이 좋아,잭 레먼,578834
1123,뜨거운 것이 좋아,마릴린 몬로,578834
1124,뜨거운 것이 좋아,안소희,578834
1125,뜨거운 것이 좋아,토니 커티스,578834
1126,퀴즈왕,한재석,573001
1127,루퍼,조셉 고든 레빗,571922
1128,섀도우 헌터스: 뼈의 도시,케빈 지거스,571074
1129,섀도우 헌터스: 뼈의 도시,제이미 캠벨 바우어,571074
1130,화이트 하우스 다운,매기 질렌할,569500
1131,원피스 - 기계태엽성의 메카거병,타나카 마유미,569039
1132,"연애, 그 참을 수 없는 가벼움",김승우,565885
1133,"연애, 그 참을 수 없는 가벼움",권지민,565885
1134,"연애, 그 참을 수 없는 가벼움",장진영,565885
1135,싱 스트리트,잭 레이너,562296
1136,싱 스트리트,루시 보인턴,562296
1137,싱 스트리트,퍼디아 월시-필로,562296
1138,잉크하트 : 어둠의 부활,시에나 길로리,560588
1139,잉크하트 : 어둠의 부활,엘리자 베넷,560588
1140,레지던트 이블 5 : 최후의 심판,리빙빙,558443
1141,레지던트 이블 5 : 최후의 심판,미셸 로드리게즈,558443
1142,클로버필드,리지 캐플란,558389
1143,클로버필드,오데뜨 유스트만,558389
1144,클로버필드,마이클 스탈 데이비드,558389
1145,뱅크 잡,세프론 버로우스,557063
1146,뱅크 잡,스티븐 캠벨 무어,557063
1147,아이스 에이지: 지구 대충돌,제니퍼 로페즈,553760
1148,언더월드2 - 에볼루션,스콧 스피드먼,552428
1149,메카닉: 리크루트,제시카 알바,551897
1150,슈퍼맨이었던 사나이,홍희자,550284
1151,트럭,제라르 드빠르디유,550195
1152,트럭,김준배,550195
1153,트럭,마르그리트 뒤라스,550195
1154,너는 펫,홍세희,543313
1155,너는 펫,장근석,543313
1156,미쓰 홍당무,서우,539110
1157,애프터 어스,제이든 스미스,537920
1158,챔프,윌레스 비어리,535657
1159,챔프,김수정,535657
1160,챔프,재키 쿠퍼,535657
1161,챔프,릭 슈로더,535657
1162,메리와 마녀의 꽃,스기사키 하나,535331
1163,사이코메트리,조 우드콕,534273
1164,사이코메트리,제임스 코스모,534273
1165,사이코메트리,코스모 자비스,534273
1166,이태원 살인사건,신승환,531023
1167,몬스터,사라 리빙,526557
1168,몬스터,카토 마사야,526557
1169,몬스터,에린 에반스,526557
1170,몬스터,안서현,526557
1171,몬스터,다카오카 사키,526557
1172,명탐정 코난: 11번째 스트라이커,강수진,525169
1173,명탐정 코난: 11번째 스트라이커,이정구,525169
1174,미스트,안드레 브라우퍼,521299
1175,미스트,로리 홀든,521299
1176,미스트,토마스 제인,521299
1177,얼라이드,마리옹 꼬띠아르,520448
1178,퍼시 잭슨과 괴물의 바다,브랜든 T. 잭슨,519584
1179,체인질링,제프리 도노반,519127
1180,퍼스트 어벤져,휴고 위빙,514309
1181,퍼스트 어벤져,헤일리 앳웰,514309
1182,거울나라의 앨리스,미아 와시코브스카,513202
1183,프렌즈: 몬스터섬의비밀,김서영,512549
1184,프렌즈: 몬스터섬의비밀,엄상현,512549
1185,프렌즈: 몬스터섬의비밀,이장원,512549
1186,발레리안: 천 개 행성의 도시,카라 델러비인,511931
1187,발레리안: 천 개 행성의 도시,데인 드한,511931
1188,발레리안: 천 개 행성의 도시,리한나,511931
1189,가려진 시간,신은수,511131
1190,가려진 시간,이효제,511131
1191,남자사용설명서,김영현,507913
1192,남자사용설명서,오정세,507913
1193,피라냐,제시카 스자르,505875
1194,피라냐,엘리자베스 슈,505875
1195,피라냐,제리 오코넬,505875
1196,도라에몽 : 스탠 바이 미,미즈타 와사비,503970
1197,도라에몽 : 스탠 바이 미,오오하라 메구미,503970
1198,13구역: 얼티메이텀,데이빗 벨,501736
1199,13구역: 얼티메이텀,시릴 라파엘리,501736
1200,그레이트 월,페드로 파스칼,501486
1201,먹고 기도하고 사랑하라,제임스 프랑코,500266
1202,노예 12년,치웨텔 에지오포,498976
1203,또 하나의 약속,우혜영,498670
1204,아부의 왕,김성령,497880
1205,샴,마샤 왓타나파니크,496233
1206,샴,위타야 와수크리파산,496233
1207,캐치미,박은영,494126
1208,침묵,잉그리드 서린,494097
1209,침묵,군넬 린드블롬,494097
1210,침묵,비어게르 말름스텐,494097
1211,침묵,류준열,494097
1212,나인,다니엘 데이 루이스,491162
1213,카3: 새로운 도전,오웬 윌슨,487916
1214,카3: 새로운 도전,나단 필리온,487916
1215,불량남녀,이영란,483387
1216,레드,이렌느 야곱,482053
1217,레드,장-루이 트린티냥,482053
1218,소녀괴담,김소은,481696
1219,조선미녀삼총사,가인,480361
1220,넛잡: 땅콩 도둑들,윌 아넷,479280
1221,비밀의 숲 테라비시아,안나소피아 롭,479124
1222,80일간의 세계 일주,세실 드 프랑스,478555
1223,다세포소녀,이종환,476732
1224,"로봇, 소리",이희준,476665
1225,트리플 엑스 리턴즈,루비 로즈,475309
1226,위험한 상견례 2,홍종현,472693
1227,위험한 상견례 2,진세연,472693
1228,잠베지아: 신비한 나무섬의 비밀,아비게일 브레스린,472692
1229,슈퍼 에이트,조엘 코트니,472157
1230,판의 미로 - 오필리아와 세 개의 열쇠,이바나 바쿠에로,472011
1231,판의 미로 - 오필리아와 세 개의 열쇠,세르지 로페즈,472011
1232,판의 미로 - 오필리아와 세 개의 열쇠,더그 존스,472011
1233,친정엄마,정현주,472009
1234,친정엄마,박진희,472009
1235,카운트다운,캐서린 이사벨,471547
1236,카운트다운,오만석,471547
1237,카운트다운,파차라 치라치뱃,471547
1238,명탐정 코난 : 화염의 해바라기,코야마 리키야,471319
1239,마담 뺑덕,이솜,471248
1240,마담 뺑덕,박소영,471248
1241,순수의 시대,강한나,470308
1242,순수의 시대,위노나 라이더,470308
1243,사랑을 놓치다,김동영,468225
1244,열혈남아,장만옥,466107
1245,열혈남아,장학우,466107
1246,너의 췌장을 먹고 싶어,키타가와 케이코,465265
1247,너의 췌장을 먹고 싶어,오구리 슌,465265
1248,너의 췌장을 먹고 싶어,하마베 미나미,465265
1249,생텀,리차드 록스버그,465039
1250,생텀,이안 그루퍼드,465039
1251,생텀,라이스 웨이크필드,465039
1252,식객2 : 김치전쟁,왕지혜,462714
1253,락아웃: 익스트림미션,조셉 길건,462176
1254,락아웃: 익스트림미션,가이 피어스,462176
1255,천년여우 여우비,공형진,460925
1256,라이프,레베카 퍼거슨,459984
1257,적인걸: 측천무후의 비밀,이빙빙,459955
1258,적인걸: 측천무후의 비밀,양가휘,459955
1259,세 얼간이,아미르 칸,459686
1260,세 얼간이,셔먼 조쉬,459686
1261,세 얼간이,마드하반,459686
1262,더 리더: 책 읽어주는 남자,데이빗 크로스,455053
1263,노브레싱,서인국,451669
1264,노브레싱,권유리,451669
1265,히든 피겨스,타라지 P. 헨슨,449518
1266,히든 피겨스,옥타비아 스펜서,449518
1267,히든 피겨스,케빈 코스트너,449518
1268,신화 : 진시황릉의 비밀,김희선,449232
1269,익스펜더블 2,실베스터 스탤론,444456
1270,"울지마, 톤즈",이금희,444327
1271,밀레니엄 : 여자를 증오한 남자들,루니 마라,443855
1272,기다리다 미쳐,손태영,441337
1273,기다리다 미쳐,데니 안/ 안신원,441337
1274,마법에 걸린 사랑,줄리 앤드류스,440718
1275,대한민국 1%,이아이,440372
1276,파라노말 액티비티,마크 프레드릭스,438622
1277,파라노말 액티비티,케이티 피더스턴,438622
1278,파라노말 액티비티,미카 슬로앳,438622
1279,트론: 새로운 시작,올리비아 와일드,437319
1280,트론: 새로운 시작,가렛 헤드룬드,437319
1281,인어 공주,고두심,437250
1282,작은 영웅 데스페로,매튜 브로데릭,436167
1283,아기와 나,이승현,435940
1284,아기와 나,이이경,435940
1285,아기와 나,김별,435940
1286,아기와 나,문메이슨,435940
1287,시즌 오브 더 위치: 마녀 호송단,크리스토퍼 리,435201
1288,원라인,박병은,435048
1289,워리어스 웨이,케이트 보스워스,432072
1290,터닝메카드W: 블랙미러의 부활,윤아영,429933
1291,터닝메카드W: 블랙미러의 부활,소연,429933
1292,창수,안내상,429141
1293,엠,칼 볼브레히트,428717
1294,엠,프리츠 랑,428717
1295,엠,프리츠 아르노 바그너,428717
1296,스머프: 비밀의 숲,레인 윌슨,427764
1297,스머프: 비밀의 숲,조 맨가니엘로,427764
1298,스머프: 비밀의 숲,데미 로바토,427764
1299,나를 잊지 말아요,김태희,427197
1300,두 개의 달,박진주,426706
1301,두 개의 달,박한별,426706
1302,신이 보낸 사람,최규환,424778
1303,신이 보낸 사람,홍경인,424778
1304,다이버전트,테오 제임스,424090
1305,티끌모아 로맨스,이상엽,424002
1306,넛잡 2,캐서린 헤이글,411787
1307,주온 : 끝의 시작,사사키 노조미,410644
1308,나의 소녀시대,송운화,409819
1309,나의 소녀시대,왕대륙,409819
1310,니코: 산타비행단의 모험,카리 히타라티,407448
1311,니코: 산타비행단의 모험,카리 케토넨,407448
1312,니코: 산타비행단의 모험,엘레나 크니틸라,407448
1313,좋은 친구들,연정훈,407253
1314,좋은 친구들,이지훈,407253
1315,좋은 친구들,조 페시,407253
1316,좋은 친구들,키타무라 카즈키,407253
1317,사랑이 무서워,손현우,402876
1318,아메리칸 메이드,사라 라이트,401541
1319,닌자터틀,앨런 리치슨,400333
1320,닌자터틀,윌리엄 피츠너,400333
1321,판타스틱 4,케이트 마라,399667
1322,헬보이 2 : 골든 아미,셀마 블레어,399570
1323,섹스 앤 더 시티 2,크리스틴 데이비스,398347
1324,집행자,허태희,393019
1325,명탐정 코난 : 수평선상의 음모,카미야 아키라,389871
1326,천재 강아지 미스터 피바디,티 버렐,385552
1327,천재 강아지 미스터 피바디,맥스 찰스,385552
1328,천재 강아지 미스터 피바디,에리얼 윈터,385552
1329,언더 워터,블레이크 라이블리,384789
1330,언더 워터,오스카 제나다,384789
1331,러빙 빈센트,시얼샤 로넌,384540
1332,러빙 빈센트,제롬 플린,384540
1333,크로니클,마이클 B. 조던,384398
1334,크로니클,알렉스 러셀,384398
1335,내 이름은 칸,까졸,381334
1336,내 이름은 칸,샤룩 칸,381334
1337,극장판 포켓 몬스터 DP 「환영의 패왕 조로아크」,이선호,375096
1338,극장판 포켓 몬스터 DP 「환영의 패왕 조로아크」,문남숙,375096
1339,공자 춘추전국시대,주신,371607
1340,눈의 여왕 3: 눈과 불의 마법대결,남도형,367919
1341,눈의 여왕 3: 눈과 불의 마법대결,박지윤,367919
1342,폴라 익스프레스,노나 M. 게이,365945
1343,그레이의 50가지 그림자,제이미 도넌,364415
1344,그레이의 50가지 그림자,제니퍼 엘,364415
1345,그레이의 50가지 그림자,다코타 존슨,364415
1346,스텝 업,제나 드완-타툼,364244
1347,홈,얀 아르튀스-베르트랑,360781
1348,홈,짐 파슨스,360781
1349,문프린세스 : 문에이커의 비밀,나타샤 맥켈혼,360195
1350,문프린세스 : 문에이커의 비밀,다코타 블루 리차드,360195
1351,커플즈,이윤지,360045
1352,극장판 포켓몬스터 베스트 위시「비크티니와 백의 영웅 레시라무」,마츠모토 리카,359771
1353,극장판 포켓몬스터 베스트 위시「비크티니와 백의 영웅 레시라무」,미즈키 나나,359771
1354,클로버필드 10번지,메리 엘리자베스 윈스티드,357736
1355,클로버필드 10번지,존 갤러거 주니어,357736
1356,어쌔신 크리드,아리안 라베드,355913
1357,그녀,정희태,355646
1358,그녀,정환욱,355646
1359,그녀,호아킨 피닉스,355646
1360,플립,캘런 맥오리피,355617
1361,플립,마이클 매드슨,355617
1362,플립,매들린 캐롤,355617
1363,플립,스텔라 매브,355617
1364,고스트 라이더,에바 멘데스,355223
1365,데스노트 L: 새로운 시작,쿠도 유키,355158
1366,석조저택 살인사건,황인아,353517
1367,전설의 고향,재희,352518
1368,전설의 고향,양금석,352518
1369,짱구는 못말려 극장판 : 초시공! 태풍을 부르는 나의 신부,나라하시 미키,351742
1370,짱구는 못말려 극장판 : 초시공! 태풍을 부르는 나의 신부,야지마 아키코,351742
1371,싱글라이더,진남수,351276
1372,극장판 포켓몬스터 베스트위시「큐레무 VS 성검사 케르디오」,미야노 마모루,348991
1373,극장판 포켓몬스터 베스트위시「큐레무 VS 성검사 케르디오」,오오타니 이쿠에,348991
1374,해프닝,마크 웰버그,347791
1375,치외법권,임은경,346483
1376,링컨: 뱀파이어 헌터,벤자민 워커,345175
1377,링컨: 뱀파이어 헌터,루퍼스 스웰,345175
1378,하이힐,이 동 길,341634
1379,몬스터 패밀리,닉 프로스트,341614
1380,몬스터 패밀리,에밀리 왓슨,341614
1381,뉴 폴리스 스토리,사정봉,341510
1382,사랑하기 때문에,서현진,340936
1383,늑대아이,미야자키 아오이,339852
1384,늑대아이,오사와 타카오,339852
1385,음치 클리닉,박하선,338168
1386,음치 클리닉,윤상현,338168
1387,미나문방구,이재인,334323
1388,극장판 짱구는 못말려 : 습격!! 외계인 덩덩이,박영남,333184
1389,극장판 짱구는 못말려 : 습격!! 외계인 덩덩이,양정화,333184
1390,남영동1985,명계남,332643
1391,에베레스트,조슈 브롤린,332180
1392,맨발의 꿈,김현석,331945
1393,위자: 저주의 시작,엘리자베스 리저,331877
1394,위자: 저주의 시작,애너리즈 바쏘,331877
1395,위자: 저주의 시작,헨리 토마스,331877
1396,무서운 이야기,노강민,331760
1397,극장판 요괴워치: 염라대왕과 5개의 이야기다냥!,세키 토모카즈,330725
1398,극장판 요괴워치: 염라대왕과 5개의 이야기다냥!,유키 아오이,330725
1399,극장판 요괴워치: 염라대왕과 5개의 이야기다냥!,토마츠 하루카,330725
1400,선 오브 갓,세바스찬 냅,329285
1401,선 오브 갓,다윈 쇼,329285
1402,선 오브 갓,디오고 모르가도,329285
1403,링컨 차를 타는 변호사,조쉬 루카스,327655
1404,링컨 차를 타는 변호사,라이언 필립,327655
1405,스폰지밥 3D,톰 케니,325016
1406,스폰지밥 3D,클랜시 브라운,325016
1407,아기배달부 스토크,켈시 그래머,323730
1408,아기배달부 스토크,제니퍼 애니스턴,323730
1409,킬러스,오카 안타라,322888
1410,헤어스프레이,잭 애프론,322447
1411,헤어스프레이,니키 블론스키,322447
1412,극적인 하룻밤,박효주,321641
1413,"극장판 포켓몬스터 베스트위시: 신의 속도 게노세크트, 뮤츠의 각성",장경희,321602
1414,블레이드 러너 2049,아나 디 아르마스,321424
1415,캐롤,카일 챈들러,320658
1416,빅풋 주니어,임채헌,320545
1417,빅풋 주니어,우정신,320545
1418,뮨: 달의 요정,조슈아 J. 발라드,319465
1419,정승필 실종사건,김선영,318852
1420,가면,김원중,318614
1421,도리화가,배수지,317505
1422,세상에서 가장 아름다운 이별,배종옥,317013
1423,세상에서 가장 아름다운 이별,서영희,317013
1424,레드카펫,고준희,316953
1425,세상의 중심에서 사랑을 외치다,시바사키 코우,315274
1426,패딩턴,휴 보네빌,315004
1427,마이 블랙 미니드레스,차예련,313953
1428,마이 블랙 미니드레스,윤은혜,313953
1429,원초적 본능 2,샤론 스톤,313310
1430,원초적 본능 2,데이비드 모리시,313310
1431,CJ7:장강7호,주성치,312576
1432,검우강호,서희원,312334
1433,검우강호,양자경,312334
1434,헨젤과 그레텔,은원재,311539
1435,비행기 2: 소방구조대,데인 쿡,311456
1436,비행기 2: 소방구조대,줄리 보웬,311456
1437,퍼펙트 겟어웨이,키엘 산체스,310779
1438,엘라의 모험 : 해피엔딩의 위기,프레디 프린즈 주니어,310256
1439,엘라의 모험 : 해피엔딩의 위기,사라 미셀 겔러,310256
1440,주피터 어센딩,숀 빈,309842
1441,러브 액츄얼리,알란 릭맨,307284
1442,빌리와 용감한 녀석들 2,캐리 엘위스,306837
1443,빌리와 용감한 녀석들 2,크리스토퍼 로이드,306837
1444,개를 훔치는 완벽한 방법,최민수,306642
1445,쇼퍼홀릭,아일라 피셔,306459
1446,쇼퍼홀릭,휴 댄시,306459
1447,게이머,앰버 발레타,305927
1448,구스범스,오데야 러쉬,305134
1449,주온-원혼의 부활,미나미 아키나,303473
1450,주온-원혼의 부활,카고 아이,303473
1451,주온-원혼의 부활,세토 코지,303473
1452,가디언의 전설,라이언 콴튼,302318
1453,라이온 킹,모이라 켈리,300593
1454,라이온 킹,조나단 테일러 토마스,300593
1455,모모와 다락방의 수상한 요괴들,미야마 카렌,300333
1456,모모와 다락방의 수상한 요괴들,유카,300333
1457,로렉스,대니 드비토,298780
1458,로렉스,에드 헬름스,298780
1459,오즈의 마법사: 돌아온 도로시,레아 미셸,298482
1460,위험한 관계,달리아 디 라자로,298086
1461,위험한 관계,장백지,298086
1462,위험한 관계,장쯔이,298086
1463,포인트 브레이크,루크 브레이시,295096
1464,포인트 브레이크,에드가 라미레즈,295096
1465,극장판 포켓몬스터 베스트 위시 「비크티니와 흑의 영웅 제크로무」,츠루노 타케시,293895
1466,극장판 포켓몬스터 베스트 위시 「비크티니와 흑의 영웅 제크로무」,타카하시 히데키,293895
1467,미드나잇 미트 트레인,레슬리 빕,290363
1468,묵공,시원,289798
1469,에이리언 VS 프레데터2,스티븐 파스퀄,289701
1470,에이리언 VS 프레데터2,레이코 아일리스워스,289701
1471,런 올 나이트,조엘 킨나만,289534
1472,1724 기방난동사건,김석훈,288452
1473,혼숨,조복래,288016
1474,혼숨,박형서,288016
1475,호우시절,이봉화,287940
1476,호우시절,고원원,287940
1477,500일의 썸머,제프리 아렌드,286108
1478,다이노 타임,윌리엄 볼드윈,285084
1479,파이널 데스티네이션 4,바비 캠포,284657
1480,파이널 데스티네이션 4,닉 자노,284657
1481,파이널 데스티네이션 4,헤일리 웹,284657
1482,네버엔딩 스토리,김현정,283449
1483,88분,알리시아 위트,281781
1484,극장판 안녕 자두야,이수진,280539
1485,극장판 안녕 자두야,여민정,280539
1486,오큘러스,카렌 길런,279488
1487,오큘러스,브렌튼 스웨이츠,279488
1488,오큘러스,케이티 색호프,279488
1489,사랑에 대한 모든 것,주혜민,278087
1490,사랑에 대한 모든 것,오군여,278087
1491,눈의 여왕,이수근,277260
1492,눈의 여왕,최수민,277260
1493,프레데터스,앨리스 브라가,276536
1494,프레데터스,토퍼 그레이스,276536
1495,목소리의 형태,이리노 미유,276131
1496,목소리의 형태,하야미 사오리,276131
1497,드래그 미 투 헬,알리슨 로먼,272813
1498,짱구는 못말려 극장판: 태풍을 부르는 황금스파이 대작전,후지와라 케이지,272062
1499,가비,김소연,270602
1500,원스,마르케타 이글로바,270560
1501,원스,글렌 하사드,270560
1502,롤러코스터,김재화,270148
1503,롤러코스터,한성천,270148
1504,스페이스 침스:우주선을 찾아서,신동현,270016
1505,스페이스 침스:우주선을 찾아서,셰릴 하인즈,270016
1506,가루지기,김신아,269478
1507,요가학원,차수연,268627
1508,요가학원,유진,268627
1509,파이스토리 : 악당상어 소탕작전,드레이크 벨,267440
1510,파이스토리 : 악당상어 소탕작전,김병만,267440
1511,파이스토리 : 악당상어 소탕작전,앤디 딕,267440
1512,백 투 더 비기닝,소피아 블랙 디엘리아,266610
1513,백 투 더 비기닝,조니 웨스턴,266610
1514,19곰 테드,세스 맥팔레인,266574
1515,스파이 브릿지,오스틴 스토웰,266493
1516,저스틴,박형식,266475
1517,투모로우랜드,브릿 로버트슨,265810
1518,마야,홍소영,265697
1519,울프맨,베니치오 델 토로,265409
1520,마지막 선물,조수민,265362
1521,극장판 도라에몽: 진구의 인어대해전,카카즈 유미,260703
1522,공범자들,이명박,260514
1523,공범자들,김재철,260514
1524,공범자들,김장겸,260514
1525,함정,김민경,257990
1526,함정,장 가뱅,257990
1527,함정,애니 지라르도,257990
1528,파이널 데스티네이션5,데이비드 코에너,257193
1529,언브로큰,잭 오코넬,256801
1530,밤의 여왕,우상기,252475
1531,가부와 메이 이야기,나리미야 히로키,251875
1532,가부와 메이 이야기,나카무라 시도,251875
1533,소셜포비아,하윤경,251551
1534,소셜포비아,이주승,251551
1535,비밀은 없다,장재우,250861
1536,노크:낯선 자들의 방문,젬마 워드,248807
1537,노크:낯선 자들의 방문,스캇 스피드맨,248807
1538,불신지옥,김보연,248291
1539,메신져 - 죽은자들의 경고,페넬로페 앤 밀러,245955
1540,엑스파일:나는 믿고싶다,데이비드 듀코브니,244023
1541,캡틴 필립스,캐서린 키너,242268
1542,창문 넘어 도망친 100세 노인,로버트 구스타프슨,241602
1543,창문 넘어 도망친 100세 노인,앨런 포드,241602
1544,창문 넘어 도망친 100세 노인,이와 위클란더,241602
1545,쏘우,리 워넬,240762
1546,순정,연준석,240592
1547,순정,김소현,240592
1548,27번의 결혼리허설,제임스 마스던,239739
1549,27번의 결혼리허설,번 코엔,239739
1550,하늘을 걷는 남자,샬롯 르 본,238439
1551,인터내셔널,클라이브 오웬,237869
1552,그레이스 오브 모나코,프랭크 란젤라,237219
1553,그레이스 오브 모나코,팀 로스,237219
1554,줄리아의 눈,벨렌 루에다,236365
1555,세이빙 산타,신동엽,235684
1556,세이빙 산타,팀 커리,235684
1557,닌자터틀 : 어둠의 히어로,스티븐 아멜,235207
1558,어느날,박윤호,234829
1559,드림 쏭,에디 이자드,234387
1560,드림 쏭,루크 윌슨,234387
1561,사랑은 너무 복잡해,스티브 마틴,234113
1562,비행기,테리 해처,233555
1563,비행기,세드릭 더 엔터테이너,233555
1564,강철대오:구국의 철가방,유다인,233211
1565,디센트,쇼나 맥도날드,232520
1566,디센트,나탈리 잭슨 멘도자,232520
1567,딥,이인성,230068
1568,딥,심규혁,230068
1569,딥,사문영,230068
1570,세븐 파운즈,로자리오 도슨,229799
1571,쓰리데이즈 투 킬,앰버 허드,229673
1572,바빌론 A.D.,멜라니 티에리,229622
1573,캐빈 인 더 우즈,안나 허치슨,228291
1574,캐빈 인 더 우즈,크리스틴 코놀리,228291
1575,국경의 남쪽,심혜진,227304
1576,독수리 에디,폴 레이놀즈,226341
1577,폐가,신경선,225955
1578,폐가,윤이나,225955
1579,폐가,전인걸,225955
1580,분노의 윤리학,김태훈,225618
1581,한공주,정인선,225603
1582,잡스,조시 게드,225343
1583,괴물의 아이,야쿠쇼 코지,224889
1584,괴물의 아이,소메타니 쇼타,224889
1585,하류인생,문혜영,224856
1586,포스 카인드,윌 패튼,224808
1587,알파 앤 오메가,헤이든 파네티어,222953
1588,알파 앤 오메가,박규리,222953
1589,헤라클레스 : 레전드 비긴즈,스콧 앳킨스,221340
1590,노미오와 줄리엣,지연,221195
1591,노아의 방주: 남겨진 녀석들,배진홍,220189
1592,노아의 방주: 남겨진 녀석들,김하영,220189
1593,노아의 방주: 남겨진 녀석들,윤세웅,220189
1594,언프렌디드: 친구삭제,샐리 헤닝,219892
1595,언프렌디드: 친구삭제,윌 펠츠,219892
1596,언프렌디드: 친구삭제,모세 제이콥 스톰,219892
1597,시,김희라,218898
1598,나는 공무원이다,송하윤,217866
1599,우리 집에 왜 왔니,문재원,217478
1600,송 포 유,바네사 레드그레이브,217314
1601,송 포 유,테렌스 스탬프,217314
1602,원피스 필름 골드,나카이 카즈야,217257
1603,원피스 필름 골드,오카무라 아케미,217257
1604,바벨,아드리아나 바라자,217083
1605,루돌프와 많이있어,홍범기,215993
1606,루돌프와 많이있어,김율,215993
1607,극장판 요괴워치: 하늘을 나는 고래와 더블세계다냥!,박경혜,215203
1608,극장판 요괴워치: 하늘을 나는 고래와 더블세계다냥!,김현지,215203
1609,케로로 더 무비: 드래곤 워리어,코자쿠라 에츠코,214639
1610,케로로 더 무비: 드래곤 워리어,나카타 조지,214639
1611,언데드,메간 굿,214638
1612,레이,케리 워싱턴,214469
1613,비커밍 제인,줄리 월터스,212860
1614,아이 엠 어 히어로,오오이즈미 요,212607
1615,아이 엠 어 히어로,아리무라 카스미,212607
1616,나는 비와 함께 간다,기무라 타쿠야,212088
1617,나는 비와 함께 간다,조쉬 하트넷,212088
1618,투혼,정호진,210970
1619,라듸오 데이즈,김사랑,210525
1620,자칼이 온다,김재중,210278
1621,킬위드미,콜린 행크스,209696
1622,킬위드미,빌리 버크,209696
1623,비포 미드나잇,샤무스 데이비 피츠패트릭,209560
1624,비포 미드나잇,줄리 델피,209560
1625,13일의 금요일,제러드 파달렉키,208118
1626,13일의 금요일,아만다 라이거티,208118
1627,13일의 금요일,다니엘 파나베이커,208118
1628,코코 샤넬,오드리 토투,206769
1629,코코 샤넬,브누와 뽀엘부르드,206769
1630,코알라 키드 : 영웅의 탄생,써니,206528
1631,코알라 키드 : 영웅의 탄생,태민,206528
1632,코알라 키드 : 영웅의 탄생,윤다훈,206528
1633,테드: 황금도시 파이티티를 찾아서,보라,206320
1634,게드전기 : 어스시의 전설,스가와라 분타,205528
1635,게드전기 : 어스시의 전설,오카다 준이치,205528
1636,어쌔신: 더 비기닝,테일러 키취,205368
1637,카오스,웨슬리 스나입스,204693
1638,카오스,니엘스 슈나이더,204693
1639,카오스,소니아 롤랑,204693
1640,카오스,메나 살라비,204693
1641,카오스,카레드 살레흐,204693
1642,카오스,이삭 드 번콜,204693
1643,남과 여,아누크 에메,203775
1644,남과 여,이미소,203775
1645,언더월드 4: 어웨이크닝,인디아 아이슬리,200038
1646,방콕 데인저러스,사크릿 얌냠,198159
1647,방콕 데인저러스,양채니,198159
1648,도레미파솔라시도,정의철,197672
1649,연의 황후,여명,197011
1650,연의 황후,진혜림,197011
1651,연의 황후,견자단,197011
1652,페스티발,박소현,196995
1653,꼬마 니콜라,발리에리 르메르시,196707
1654,꼬마 니콜라,카드 메라드,196707
1655,꼬마 니콜라,막심 고다르,196707
1656,그린 호넷,주걸륜,195933
1657,그린 호넷,세스 로건,195933
1658,"무현, 두 도시 이야기",김원명,193786
1659,엣지 오브 다크니스,멜 깁슨,193380
1660,닌자거북이 TMNT,제임스 아놀드 테일러,193313
1661,덤 앤 더머 투,토미 스나이더,192726
1662,응징자,이태임,192347
1663,쥴리의 육지 대모험,류담,191783
1664,쥴리의 육지 대모험,이영아,191783
1665,보이후드,엘라 콜트레인,191292
1666,보이후드,패트리시아 아퀘트,191292
1667,론 서바이버,제리 페라라,190611
1668,컬러풀 웨딩즈,프레데릭 벨,190470
1669,컬러풀 웨딩즈,엘로디 퐁탕,190470
1670,컬러풀 웨딩즈,크리스티앙 클라비에,190470
1671,글로리데이,지수,189405
1672,글로리데이,김준면,189405
1673,커넥트,고천락,189315
1674,커넥트,장가휘,189315
1675,블랙북,캐리스 밴 허슨,188700
1676,블랙북,세바스티안 코치,188700
1677,기생수 파트1,하시모토 아이,187310
1678,기생수 파트1,후카츠 에리,187310
1679,마이 리틀 히어로,지대한,186078
1680,해피 피트 2,핑크,185744
1681,해피 피트 2,일라이저 우드,185744
1682,플라이 미 투 더 문,필립 볼든,185331
1683,플라이 미 투 더 문,데이빗 고어,185331
1684,플라이 미 투 더 문,트레버 개그넌,185331
1685,가필드 2,브레킨 메이어,185249
1686,20세기 소년,카라사와 토시아키,183069
1687,20세기 소년,토요카와 에츠시,183069
1688,20세기 소년,토키와 타카코,183069
1689,바니버디,러셀 브랜드,181837
1690,바니버디,칼리 쿠오코,181837
1691,문라이트,트레반트 로즈,178141
1692,문라이트,앙드레 홀랜드,178141
1693,부활,조셉 파인즈,176539
1694,부활,톰 펠튼,176539
1695,"나는 내일, 어제의 너와 만난다",히가시데 마사히로,175518
1696,"나는 내일, 어제의 너와 만난다",코마츠 나나,175518
1697,"나는 내일, 어제의 너와 만난다",후쿠시 소우타,175518
1698,댄 인 러브,줄리엣 비노쉬,175417
1699,업사이드 다운,박영우,175349
1700,업사이드 다운,제인 헤이트마이어,175349
1701,톱스타,소이현,175153
1702,아빠가 여자를 좋아해,박정현,174333
1703,포켓몬 레인저와 바다의 왕자 마나피,쉬라토리 유리,173973
1704,오퍼나지 - 비밀의 계단,로저 프린셉,173610
1705,허트 로커,브라이언 게라그티,173461
1706,허트 로커,안소니 마키,173461
1707,더 로드,비고 모텐슨,173348
1708,더 로드,코디 스밋 맥피,173348
1709,예수는 역사다,마이크 보겔,172414
1710,예수는 역사다,에리카 크리스틴슨,172414
1711,매직브러시,김경희,172396
1712,케로로 더 무비:케로로 VS 케로로 천공대결전,와타나베 쿠미코,171041
1713,발렌타인 데이,캐시 베이츠,169529
1714,노리개,민지현,169064
1715,노리개,이승연,169064
1716,나는 아빠다,최정윤,168049
1717,"지금, 만나러 갑니다",다케우치 유코,167480
1718,렛 미 인,리나 레안데르손,166503
1719,렛 미 인,클로이 모레츠,166503
1720,렛 미 인,리차드 젠킨스,166503
1721,렛 미 인,카레 헤레브란트,166503
1722,꽃보다 남자,마츠다 쇼타,165593
1723,꽃보다 남자,마츠모토 준,165593
1724,꽃보다 남자,이노우에 마오,165593
1725,비밀애,유현주,164252
1726,히트맨,더그레이 스콧,164014
1727,말할 수 없는 비밀,계륜미,163255
1728,말할 수 없는 비밀,황추생,163255
1729,스플라이스,사라 폴리,162760
1730,다크아워,에밀 허쉬,162704
1731,다크아워,올리비아 썰비,162704
1732,김복남 살인사건의 전말,백수련,161722
1733,아메리칸 울트라,코니 브리튼,161382
1734,트랜스포터: 리퓰드,론 샤바놀,161245
1735,조용한 세상,한보배,161142
1736,팬도럼,노먼 리더스,161070
1737,무법자,이승민,160734
1738,무법자,장신영,160734
1739,빨간모자의 진실 2,노홍철,160148
1740,더 큐어,미아 고스,159948
1741,해변의 여인,송선미,159711
1742,데스 레이스,타이레스 깁슨,159170
1743,데스 레이스,조안 알렌,159170
1744,니코,한누-펙카 뵤르크만,158929
1745,더 자이언트,김준현,157990
1746,더 자이언트,정범균,157990
1747,더 자이언트,김지민,157990
1748,써커 펀치,바네사 허진스,156606
1749,써커 펀치,지나 말론,156606
1750,아메리칸 허슬,돈 올리비에리,155669
1751,최강전사 미니특공대 : 새로운 악당의 습격,전태열,155433
1752,헬프,웨스 차담,155148
1753,아메리칸 셰프,엠제이 안소니,154689
1754,아메리칸 셰프,존 파브로,154689
1755,아메리칸 셰프,소피아 베르가라,154689
1756,폴리스 스토리 2014,유엽,153591
1757,더 레이븐,앨리스 이브,153581
1758,달빛궁궐,권율,153145
1759,마이 블루베리 나이츠,노라 존스,153136
1760,워킹걸,김태우,151550
1761,워킹걸,클라라,151550
1762,로맨틱 아일랜드,이수경,151105
1763,쏘우 V,스콧 패터슨,150832
1764,쏘우 V,토빈 벨,150832
1765,쏘우 V,코스타스 맨다이어,150832
1766,디 아이2,서기,150534
1767,디 아이2,원려기,150534
1768,비정규직 특수요원,한채아,149719
1769,화피,천쿤,148908
1770,13시간,파블로 쉬레이버,145952
1771,13시간,존 크랜신스키,145952
1772,13시간,토비 스티븐스,145952
1773,기프트,쉐인 웨스트,145894
1774,기프트,에드워드 번즈,145894
1775,기프트,빙 라메스,145894
1776,은밀한 유혹,로버트 레드포드,145664
1777,은밀한 유혹,데미 무어,145664
1778,투 브라더스,장-클로드 드레이퍼스,144859
1779,지슬 - 끝나지 않은 세월2,문석범,144838
1780,지슬 - 끝나지 않은 세월2,홍상표,144838
1781,지슬 - 끝나지 않은 세월2,이경준,144838
1782,우먼 인 골드,헬렌 미렌,144744
1783,우먼 인 골드,다니엘 브륄,144744
1784,철의 여인,표상우,144401
1785,철의 여인,정아영,144401
1786,자백,최승호,144036
1787,마담 프루스트의 비밀정원,귀욤 고익스,143911
1788,마담 프루스트의 비밀정원,앤 르니,143911
1789,크레이지,웨이론 페인,143784
1790,크레이지,다니엘 프룰,143784
1791,크레이지,마크-앙드레 그롱당,143784
1792,크레이지,조 앤더슨,143784
1793,크레이지,레인 게리슨,143784
1794,크레이지,미셸 꼬떼,143784
1795,웨딩드레스,김향기,143458
1796,원피스 극장판: 스트롱 월드,히라타 히로아키,143431
1797,원피스 극장판: 스트롱 월드,나가시마 유이치,143431
1798,장난감이 살아있다,아리아나 그란데,143100
1799,장난감이 살아있다,케이티 홈즈,143100
1800,굿'바이,모토키 마사히로,142835
1801,굿'바이,히로스에 료코,142835
1802,굿'바이,야마자키 츠토무,142835
1803,펜트하우스 코끼리,이상우,142792
1804,화장,김호정,142609
1805,가시,박세진,142170
1806,가시,조보아,142170
1807,가시,길해연,142170
1808,가시,선우선,142170
1809,극장판 또봇: 로봇군단의 습격,이현,141865
1810,극장판 또봇: 로봇군단의 습격,하룡이,141865
1811,극장판 아이엠스타 : 꿈의 오디션!,이용신,141351
1812,극장판 아이엠스타 : 꿈의 오디션!,정혜원,141351
1813,아르고,알란 아킨,140736
1814,유희왕,웨인 그레이슨,140620
1815,유희왕,마이크 폴락,140620
1816,유희왕,에릭 스튜어트,140620
1817,액트 오브 밸러: 최정예 특수부대,로셀린 산체즈,139541
1818,액트 오브 밸러: 최정예 특수부대,네스토르 세라노,139541
1819,로빈슨 크루소,마티아스 슈바이그호퍼,139392
1820,로빈슨 크루소,데이비드 하워드,139392
1821,로빈슨 크루소,콜린 메츠거,139392
1822,천년학,조경화,138190
1823,천년학,오정해,138190
1824,링컨,앨리스 브래디,137505
1825,링컨,헨리 폰다,137505
1826,극장판 에그엔젤 코코밍: 푸르밍과 두근두근 코코밍 세계,이지현,137052
1827,극장판 에그엔젤 코코밍: 푸르밍과 두근두근 코코밍 세계,여윤미,137052
1828,나이트메어,카일 갈너,136925
1829,제인 에어,조안 폰테인,136810
1830,제인 에어,오손 웰즈,136810
1831,제 5침공,알렉스 로,135874
1832,제 5침공,닉 로빈슨,135874
1833,사랑니,이태성,135702
1834,데이브레이커스,이사벨 루카스,135621
1835,극장판파워레인저 엔진포스VS 와일드스피릿,아이자와 리나,135498
1836,극장판파워레인저 엔진포스VS 와일드스피릿,후루하라 야스히사,135498
1837,극장판파워레인저 엔진포스VS 와일드스피릿,카타오카 신와,135498
1838,로마의 휴일,오드리 헵번,134827
1839,로마의 휴일,그레고리 펙,134827
1840,로마의 휴일,정상훈,134827
1841,그랜 토리노,비 방,134664
1842,그랜 토리노,크리스토퍼 칼리,134664
1843,대니쉬 걸,알리시아 비칸데르,134079
1844,러브 라이브! 더 스쿨 아이돌 무비,토쿠이 소라,132657
1845,러브 라이브! 더 스쿨 아이돌 무비,쿠보 유리카,132657
1846,러브 라이브! 더 스쿨 아이돌 무비,파일,132657
1847,심야식당,코바야시 카오루,132518
1848,심야식당,타카오카 사키,132518
1849,썸머 워즈,사쿠라바 나나미,132250
1850,베니스의 상인,제레미 아이언스,132228
1851,오늘,송상우,131988
1852,오늘,남지현,131988
1853,링스 어드벤처,은지원,131553
1854,링스 어드벤처,베아트리즈 베르시아노,131553
1855,빼꼼의 머그잔 여행,박상호,130697
1856,눈길,김영옥,130493
1857,DOA,제이미 프레슬리,129754
1858,DOA,데본 아오키,129754
1859,두 여자,문소연,129576
1860,두 여자,심이영,129576
1861,블러디 발렌타인,제이미 킹,129287
1862,블러디 발렌타인,젠슨 애클스,129287
1863,시간위의 집,옥택연,128975
1864,마이클 잭슨의 디스 이즈 잇,마이클 잭슨,128778
1865,22 블렛,장 르노,128534
1866,어머니는 죽지 않는다,하명중,128164
1867,어머니는 죽지 않는다,조영민,128164
1868,어머니는 죽지 않는다,노민우,128164
1869,슈퍼히어로,사라 팩스톤,127905
1870,스트리트댄스,리처드 윈저,127629
1871,스트리트댄스,니콜라 벌리,127629
1872,인생은 아름다워,니콜레타 브라스치,127567
1873,인생은 아름다워,로베르토 베니니,127567
1874,버틀러: 대통령의 집사,오프라 윈프리,126870
1875,버틀러: 대통령의 집사,데이빗 오예로워,126870
1876,아더와 미니모이-제1탄비밀원정대의출정,미아 패로우,126546
1877,그렇게 아버지가 된다,릴리 프랭키,125497
1878,그렇게 아버지가 된다,오노 마치코,125497
1879,그렇게 아버지가 된다,후쿠야마 마사하루,125497
1880,저수지 게임,주진우,125402
1881,삼국지: 명장 관우,강문,125173
1882,솔로몬 케인,레이첼 허드-우드,124836
1883,솔로몬 케인,제임스 퓨어포이,124836
1884,쉬즈 더 맨,로라 램지,124362
1885,쉬즈 더 맨,아만다 바인즈,124362
1886,썬더일레븐 극장판 : 최강군단 오우거의 습격,안현서,123462
1887,썬더일레븐 극장판 : 최강군단 오우거의 습격,타케우치 준코,123462
1888,"서서평, 천천히 평온하게",윤안나,123344
1889,"서서평, 천천히 평온하게",강다연,123344
1890,"서서평, 천천히 평온하게",안은새,123344
1891,똥파리,김꽃비,123029
1892,똥파리,이환,123029
1893,똥파리,양익준,123029
1894,사다코 3D : 죽음의 동영상,야마모토 유스케,122382
1895,사다코 3D : 죽음의 동영상,이시하라 사토미,122382
1896,미라클 벨리에,프랑소아 다미앙,122211
1897,미라클 벨리에,로앤 에머라,122211
1898,미라클 벨리에,카렝 비야,122211
1899,라스트 위치 헌터,로즈 레슬리,122039
1900,마법천자문: 대마왕의 부활을 막아라,인한국,121572
1901,마법천자문: 대마왕의 부활을 막아라,윤소라,121572
1902,마법천자문: 대마왕의 부활을 막아라,박현,121572
1903,리미트리스,애비 코니시,121538
1904,헤이트풀8,제니퍼 제이슨 리,121288
1905,데스 디파잉:어느 마술사의 사랑,캐서린 제타-존스,120869
1906,극장판 소드 아트 온라인 -오디널 스케일-,마츠오카 요시츠구,120667
1907,극장판 소드 아트 온라인 -오디널 스케일-,이토 카나에,120667
1908,아티스트,베레니스 베조,120634
1909,아티스트,장 뒤자르댕,120634
1910,리틀 비버,브누아 브리에르,120364
1911,리틀 비버,유재석,120364
1912,리틀 비버,김동현,120364
1913,짱구는 못말려 극장판: 폭풍수면! 꿈꾸는 세계 대돌격,강희선,119197
1914,파리로 가는 길,아르노 비야르,119171
1915,킹 오브 프리즘 - 프라이드 더 히어로,이원찬,119135
1916,겟 썸,캠 지갠뎃,119124
1917,겟 썸,숀 패리스,119124
1918,마이 시스터즈 키퍼,소피아 바실리에바,118939
1919,여교사,이원근,118621
1920,여교사,유인영,118621
1921,미운 오리 새끼의 모험,모건 C.존스,118068
1922,미운 오리 새끼의 모험,저스틴 그렉,118068
1923,나는 갈매기,조성우,117977
1924,나는 갈매기,조규철,117977
1925,나는 갈매기,손경구,117977
1926,우먼 인 블랙,자넷 맥티어,117226
1927,우먼 인 블랙,시아란 힌즈,117226
1928,구세주 2,이영은,117006
1929,구세주 2,송창용,117006
1930,데블,제니 오하라,116403
1931,데블,로건 마샬-그린,116403
1932,데블,크리스 메시나,116403
1933,존 윅,애드리앤 팰리키,116402
1934,내가 숨쉬는 공기,앤디 가르시아,115924
1935,내가 숨쉬는 공기,케빈 베이컨,115924
1936,하이 레인,니콜라스 지로드,115736
1937,하이 레인,파니 발렛,115736
1938,로맨틱 크라운,구구 바샤-로,114888
1939,로맨틱 크라운,윌머 발데라마,114888
1940,쏘우 3D,벳시 러셀,114034
1941,극장판 도라에몽 : 진구의 우주영웅기~스페이스 히어로즈~,심형탁,113404
1942,배우는 배우다,강신효,112029
1943,파워레인저매직포스&트레저포스,마츠모토 히로야,111740
1944,파워레인저매직포스&트레저포스,하시모토 아츠시,111740
1945,직쏘,칼럼 키스 레니,111506
1946,직쏘,클레 베넷,111506
1947,라 비 앙 로즈,장 피에르 마틴,111249
1948,러브 앤 프렌즈,케이트 허드슨,110795
1949,극장판 파워레인저: 캡틴포스 VS 미라클포스 199 히어로 대결전,치바 유다이,110771
1950,바디,오니라 람윌라이,110146
1951,바디,크리티라 인폰위지트,110146
1952,바디,아락 아몬수파시리,110146
1953,베이블레이드 버스트 갓 : 갓 발키리의 탄생,한신,109358
1954,베이블레이드 버스트 갓 : 갓 발키리의 탄생,김보영,109358
1955,피터와 드래곤,웨스 벤틀리,109137
1956,피터와 드래곤,오크스 페글리,109137
1957,마지막 4중주,크리스토퍼 월켄,108980
1958,더 콘서트,알렉세이 구스코프,108570
1959,더 콘서트,드미트리 나자로브,108570
1960,걸프렌즈,허이재,108396
1961,엽문,슝다이린,108277
1962,엽문,임달화,108277
1963,람보 4 : 라스트 블러드,줄리 벤즈,107929
1964,캣츠 앤 독스 2,크리스 오도넬,107921
1965,캣츠 앤 독스 2,베트 미들러,107921
1966,더 기버: 기억전달자,테일러 스위프트,107567
1967,프로포즈 데이,매튜 굿,107337
1968,인사이드 르윈,캐리 멀리건,106729
1969,인사이드 르윈,오스카 아이삭,106729
1970,바람이 분다,안노 히데아키,106546
1971,바람이 분다,타키모토 미오리,106546
1972,프리덤,윌리엄 새들러,106483
1973,프리덤,쿠바 구딩 주니어,106483
1974,프리덤,베르나르드 포처,106483
1975,더 시그널,로렌스 피쉬번,106081
1976,워터호스,벤 채플린,105918
1977,니드 포 스피드,이모겐 푸츠,105340
1978,니드 포 스피드,아론 폴,105340
1979,오페라의 유령 : 25주년 특별 공연,시에라 보게스,105298
1980,오페라의 유령 : 25주년 특별 공연,라민 카림루,105298
1981,5백만불의 사나이,박진영,104736
1982,허밍,이천희,104296
1983,허밍,한지혜,104296
1984,공주와 개구리,키스 데이빗,104274
1985,공주와 개구리,애니카 노니 로즈,104274
1986,공주와 개구리,브루노 캄포스,104274
1987,바람,릴리안 기쉬,103628
1988,바람,권재현,103628
1989,라스트 엑소시즘,아이리스 바,103545
1990,라스트 엑소시즘,애슐리 벨,103545
1991,라스트 엑소시즘,패트릭 파비언,103545
1992,더 테이블,정은채,103054
1993,박스트롤,토니 콜렛,102682
1994,블러드,코유키,102372
1995,워 호스,시온 다니엘 영,102195
1996,워 호스,제레미 어바인,102195
1997,꿈은 이루어진다,강성진,101698
1998,꿈은 이루어진다,최지현,101698
1999,꿈은 이루어진다,이성재,101698
2000,바닷마을 다이어리,카호,101612
2001,바닷마을 다이어리,아야세 하루카,101612
2002,러브레터,나까야마 미호,101049
2003,러브레터,사카이 미키,101049
2004,극장판 파워레인저 트레인포스 VS 다이노포스 THE MOVIE,시손 쥰,100151
2005,극장판 파워레인저 트레인포스 VS 다이노포스 THE MOVIE,세키네 츠토무,100151
2006,아치와 씨팍,최준영,100090
2007,하이큐!! 끝과 시작,히노 사토시,99803
2008,슈퍼 빼꼼: 스파이 대작전,최낙윤,99693
2009,슈퍼 빼꼼: 스파이 대작전,최정현,99693
2010,두 번째 사랑,파미가 베라,99430
2011,코러스,제라르 쥐노,99318
2012,맥베스,에드가 바리에,98516
2013,맥베스,윌리엄 앨런드,98516
2014,빌리와 용감한 녀석들 3,조현정,98495
2015,꽃미남 연쇄 테러 사건,권병길,98284
2016,꽃미남 연쇄 테러 사건,김기범,98284
2017,김광석,김광석,98231
2018,김광석,신종민,98231
2019,이웃집에 신이 산다,까뜨린느 드뇌브,98085
2020,이웃집에 신이 산다,욜랭드 모로,98085
2021,무서운 이야기 3 : 화성에서 온 소녀,경수진,97804
2022,소명,심순주,97529
2023,소명,강명관,97529
2024,가필드-마법의 샘물,그렉 버거,97145
2025,가필드-마법의 샘물,프랭크 웰커,97145
2026,가필드-마법의 샘물,그렉 이글스,97145
2027,기생령,효민,96992
2028,대병소장,왕리홍,96868
2029,"나, 다니엘 블레이크",데이브 존스,96712
2030,시간을 달리는 소녀,이시다 타쿠야,95820
2031,시간을 달리는 소녀,나카 리이사,95820
2032,시간을 달리는 소녀,나카오 아키요시,95820
2033,걷기왕,박주희,95542
2034,걷기왕,김새벽,95542
2035,소년은 울지 않는다,송창의,95476
2036,소년은 울지 않는다,이완,95476
2037,소년은 울지 않는다,박그리나,95476
2038,하치 이야기,사라 로머,95144
2039,천국의 우편배달부,영웅재중,95060
2040,천국의 우편배달부,조선욱,95060
2041,인비저블 게스트,호세 코로나도,94877
2042,인비저블 게스트,안나 와게너,94877
2043,인비저블 게스트,마리오 카사스,94877
2044,나탈리,박현진,94875
2045,나탈리,김지훈,94875
2046,일사각오,서광재,94825
2047,일사각오,설지윤,94825
2048,일사각오,이지형,94825
2049,초한지 - 천하대전,유역비,94652
2050,초한지 - 천하대전,풍소봉,94652
2051,나의 산티아고,데비드 스트리에소브,94243
2052,나의 산티아고,카타리나 탈바흐,94243
2053,나의 산티아고,마르티나 게덱,94243
2054,본 투 비 블루,카르멘 에조고,94091
2055,텍사스 전기톱 연쇄살인사건 : 0,테일러 핸들리,94050
2056,텍사스 전기톱 연쇄살인사건 : 0,조다나 브루스터,94050
2057,S러버,마가리타 레비에바,93508
2058,S러버,앤 헤이시,93508
2059,그 남자의 책 198쪽,이동욱,93445
2060,그 남자의 책 198쪽,김현주,93445
2061,프리스트,폴 베타니,93336
2062,태풍이 지나가고,마키 요코,93215
2063,태풍이 지나가고,키키 키린,93215
2064,태풍이 지나가고,아베 히로시,93215
2065,용의자 X의 헌신,츠츠미 신이치,93080
2066,하나와 앨리스,스즈키 안,92889
2067,하나와 앨리스,아오이 유우,92889
2068,오베라는 남자,롤프 라스가드,92792
2069,오베라는 남자,바하르 파르스,92792
2070,오베라는 남자,필립 버그,92792
2071,써티 데이즈 오브 나이트,멜리사 조지,92687
2072,샤크 나이트 3D,캐서린 맥피,92505
2073,샤크 나이트 3D,더스틴 밀리건,92505
2074,철가방 우수氏,기주봉,92404
2075,철가방 우수氏,최수종,92404
2076,철가방 우수氏,이수나,92404
2077,모터사이클 다이어리,로드리고 드 라 세르나,91382
2078,모터사이클 다이어리,미아 마에스트로,91382
2079,포커스,로드리고 산토로,91164
2080,노 게임 노 라이프 -제로-,카야노 아이,90643
2081,패솔로지,마일로 벤티밀리아,90612
2082,패솔로지,마이클 웨스톤,90612
2083,써니 감독판,고수희,90576
2084,써니 감독판,김선경,90576
2085,둠스데이:지구 최후의 날,알렉산더 시디그,90165
2086,둠스데이:지구 최후의 날,로나 미트라,90165
2087,슈퍼 프렌즈,박조호,89615
2088,슈퍼 프렌즈,김지혜,89615
2089,슈퍼 프렌즈,변현우,89615
2090,몬스터 콜,루이스 맥더겔,89560
2091,완벽한 파트너,김혜선,89526
2092,완벽한 파트너,김산호,89526
2093,완벽한 파트너,아이카와 유이,89526
2094,완벽한 파트너,나카타 히로미,89526
2095,페이스 블라인드,줄리안 맥마흔,88977
2096,갤로우즈,캐시디 지포드,88777
2097,갤로우즈,파이퍼 브라운,88777
2098,갤로우즈,리즈 미슬러,88777
2099,살인자,안도규,88199
2100,더 재킷,에드리언 브로디,87837
2101,룸,케네스 웨인 브래들리,87673
2102,룸,제이콥 트렘블레이,87673
2103,허큘리스,존 허트,86553
2104,레전드 오브 래빗,박지훈,85245
2105,꿀벌 하치의 대모험,사이토 아야카,84819
2106,옥보단 3D,하화초,84798
2107,디 아이,알렉산드로 니볼라,84362
2108,디 아이,파커 포시,84362
2109,짱구는 못말려 극장판：엄청 맛있어! B급 음식 서바이벌!,오세홍,84306
2110,극장판 썬더일레븐GO : 궁극의 우정 그리폰,전숙경,84255
2111,극장판 썬더일레븐GO : 궁극의 우정 그리폰,배정미,84255
2112,와일드,가비 호프만,83761
2113,와일드,로라 던,83761
2114,어린 왕자,탁재훈,83354
2115,어린 왕자,강수한,83354
2116,다이노X 탐험대,정준하,83319
2117,지랄발광 17세,카이라 세드윅,83258
2118,뷰티풀 크리처스,비올라 데이비스,82995
2119,뷰티풀 크리처스,앨리스 앤글레르트,82995
2120,더 이퀄라이저,마튼 초카스,82779
2121,왼편 마지막 집,토니 골드윈,82546
2122,왼편 마지막 집,모니카 포터,82546
2123,타임 패러독스,사라 스누크,82246
2124,타임 패러독스,노아 테일러,82246
2125,라르고 윈치,크리스틴 스콧 토마스,81393
2126,라르고 윈치,토머 시슬리,81393
2127,아따맘마 - 극장판,오리카사 후미코,81352
2128,아따맘마 - 극장판,오가타 켄이치,81352
2129,최악의 하루,이와세 료,81215
2130,꼬마참새 리차드: 아프리카 원정대,변영희,81136
2131,꼬마참새 리차드: 아프리카 원정대,구민선,81136
2132,원 챈스,제임스 코든,81025
2133,원 챈스,알렉산드라 로치,81025
2134,원 챈스,콤 미니,81025
2135,터널 3D,연우진,81008
2136,터널 3D,송재림,81008
2137,아무르,엠마누엘 리바,80937
2138,아무르,이자벨 위페르,80937
2139,페이스 오브 러브,아네트 베닝,80699
2140,너와 100번째 사랑,사카구치 켄타로,80614
2141,너와 100번째 사랑,미와,80614
2142,너와 100번째 사랑,류세이 료,80614
2143,토토의 움직이는 숲,마르쿠스 리가드,79654
2144,화이트 칙스,숀 웨이언스,79186
2145,화이트 칙스,마론 웨이언스,79186
2146,분신사바 2,신지뢰,79017
2147,분신사바 2,장정정,79017
2148,아더 우먼,케이트 업튼,78978
2149,청원,아이쉬와라 라이,78766
2150,청원,리틱 로산,78766
2151,리스본행 야간열차,멜라니 로랑,78611
2152,펭귄 - 위대한 모험(다큐),샤를스 베르링,78479
2153,오즈: 신기한 마법가루,송하림,78440
2154,미쓰 루시힐,해리 코닉 주니어,78282
2155,러덜리스,안톤 옐친,78173
2156,메디엄,버지니아 매드슨,77848
2157,쓰리 썸머 나잇,손호준,77621
2158,알이씨(Rec),마누엘라 벨라스코,77533
2159,엽기적인 그녀 2,빅토리아,77124
2160,엽기적인 그녀 2,후지이 미나,77124
2161,100 피트,에드 웨스트윅,76985
2162,100 피트,바비 카나베일,76985
2163,에반게리온 : 서(序),하야시바라 메구미,76397
2164,에반게리온 : 서(序),미츠이시 코토노,76397
2165,에반게리온 : 서(序),야마구치 유리코,76397
2166,노다메 칸타빌레 Vol.1,우에노 주리,75847
2167,노다메 칸타빌레 Vol.1,타마키 히로시,75847
2168,참을 수 없는,김흥수,75740
2169,참을 수 없는,정찬,75740
2170,피치 퍼펙트: 언프리티 걸즈,레벨 윌슨,75598
2171,쿰바: 반쪽무늬 얼룩말의 대모험,캐서린 테이트,75370
2172,쿰바: 반쪽무늬 얼룩말의 대모험,제이크 T. 오스틴,75370
2173,회초리,전소영,74765
2174,외톨이,고은아,74615
2175,외톨이,채민서,74615
2176,피라냐 3DD,데이빗 핫셀호프,74586
2177,나의 로맨틱 가이드,니아 발다로스,74542
2178,나의 로맨틱 가이드,리차드 드레이퍼스,74542
2179,내 친구의 사생활,맥 라이언,74416
2180,극장판 포켓몬스터 AG - 아름다운 소원의 별 지라치,우에다 유지,74346
2181,블룸 형제 사기단,마크 버팔로,74339
2182,쿵후팬더: 영웅의 탄생,임자총,74250
2183,오싱,한은진,74108
2184,오싱,키시모토 가요코,74108
2185,오싱,하마다 코코네,74108
2186,오싱,우에토 아야,74108
2187,오싱,임혁,74108
2188,우리도 사랑일까,루크 커비,73981
2189,파워레인져스: 더 비기닝,RJ 사일러,73875
2190,파워레인져스: 더 비기닝,나오미 스콧,73875
2191,파워레인져스: 더 비기닝,데이커 몽고메리,73875
2192,바다 탐험대 옥토넛 시즌4: 더 파이널,정재헌,73797
2193,바다 탐험대 옥토넛 시즌4: 더 파이널,하성용,73797
2194,두 개의 문,이종걸,73786
2195,두 개의 문,정태현,73786
2196,로맨틱 헤븐,김지원,73729
2197,위자,더글라스 스미스,73716
2198,위자,올리비아 쿡,73716
2199,너를 잊지 않을 거야,하라 히데코,73582
2200,너를 잊지 않을 거야,오나가 마키,73582
2201,"조제, 호랑이 그리고 물고기들",이케와키 치즈루,73396
2202,"조제, 호랑이 그리고 물고기들",츠마부키 사토시,73396
2203,드림업,앨리슨 미칼카,73309
2204,프란시스 하,믹키 섬너,72849
2205,프란시스 하,그레타 거윅,72849
2206,프란시스 하,그레이스 검머,72849
2207,센츄리온,도미닉 웨스트,72669
2208,왕후 심청,탁원제,72608
2209,왕후 심청,최문자,72608
2210,집결호,장한위,72351
2211,언더월드: 블러드 워,찰스 댄스,72071
2212,정글히어로,조성목,72047
2213,정글히어로,김기철,72047
2214,트랩,클레어 데인즈,71979
2215,하이힐을 신고 달리는 여자,그렉 키니어,71725
2216,빈집,권혁호,71566
2217,미스 페티그루의 어느 특별한 하루,프란시스 맥도먼드,71559
2218,선생님의 일기,레일라 분야삭,71480
2219,투 마더스,자비에르 사무엘,71351
2220,달라스 바이어스 클럽,제니퍼 가너,70801
2221,세상에서 고양이가 사라진다면,오쿠다 에이지,70424
2222,세상에서 고양이가 사라진다면,사토 타케루,70424
2223,극장판 도라에몽: 신 진구의 버스 오브 재팬,김정아,70350
2224,극장판 도라에몽: 신 진구의 버스 오브 재팬,채민지,70350
2225,썸머 솔스티스,엘리자베스 하노이스,70098
2226,썸머 솔스티스,숀 애쉬모어,70098
2227,인보카머스,올리비아 문,69786
2228,언어의 정원,하나자와 카나,69664
2229,언어의 정원,히라노 후미,69664
2230,번개맨,루나,69363
2231,번개맨,정현진,69363
2232,우리 선희,김상중,69122
2233,그을린 사랑,루브나 아자발,68763
2234,피노키오: 당나귀 섬의 비밀,조 권,68721
2235,피노키오: 당나귀 섬의 비밀,장광,68721
2236,닥터,최형,68312
2237,닥터,배소은,68312
2238,닥터,김창완,68312
2239,브라더스,코니 닐슨,68291
2240,브라더스,율리히 톰센,68291
2241,주노,마이클 세라,67968
2242,당신이 잠든 사이에,예지원,67659
2243,4교시 추리영역,고길주,67602
2244,아이엠스타 뮤직어워드,김새해,67027
2245,아이엠스타 뮤직어워드,김영은,67027
2246,라스트 스탠드,조니 녹스빌,66790
2247,에반게리온: 파,미야무라 유코,66788
2248,에반게리온: 파,오가타 메구미,66788
2249,더 바디,오라 가리도,66733
2250,"사랑한다, 사랑하지 않는다",유진영,66680
2251,데몰리션,유다 르위스,66549
2252,천녀유혼,왕조현,66318
2253,천녀유혼,장국영,66318
2254,레터스 투 갓,태너 맥과이어,66250
2255,레터스 투 갓,제프리 존슨,66250
2256,다크 플레이스,제니퍼 피어스 매서스,66127
2257,주문진,황보라,66098
2258,주문진,민준호,66098
2259,블리츠,패디 콘시딘,65629
2260,골든 슬럼버,사카이 마사토,65167
2261,극장판 파워레인저: 닌자포스 VS 트레인포스 닌자 인 원더랜드,안용욱,64642
2262,극장판 파워레인저: 닌자포스 VS 트레인포스 닌자 인 원더랜드,이경태,64642
2263,돌이킬 수 없는,키아라 마스트로얀니,64371
2264,돌이킬 수 없는,천보근,64371
2265,돌이킬 수 없는,뱅상 랭동,64371
2266,여대생 기숙사,레아 파이피스,64345
2267,여대생 기숙사,제이미 정,64345
2268,보루토 - 나루토 더 무비,키쿠치 코코로,64267
2269,보루토 - 나루토 더 무비,산페이 유코,64267
2270,히트맨: 에이전트 47,루퍼트 프렌드,64157
2271,히트맨: 에이전트 47,한나 웨어,64157
2272,기생수 파트2,아베 사다오,63560
2273,위대한 탄생,케이샤 캐슬-휴즈,63332
2274,극장판 쿠로코의 농구 라스트 게임,오노 켄쇼,63311
2275,뷰티풀 투모로우,정재일,63279
2276,뷰티풀 투모로우,에드가 킨테로,63279
2277,뷰티풀 투모로우,박효신,63279
2278,거미숲,김영재,63278
2279,엘라의 모험 2: 백설공주 길들이기,김옥경,62841
2280,엘라의 모험 2: 백설공주 길들이기,김현심,62841
2281,리틀 프린세스 소피아 : 신비한 섬,서지연,62454
2282,리틀 프린세스 소피아 : 신비한 섬,김미랑,62454
2283,더 크리스마스,지나 로드리게즈,62082
2284,더 크리스마스,스티븐 연,62082
2285,톨스토이의 마지막 인생,크리스토퍼 플러머,61902
2286,아더와 미니모이 3: 두 세계의 전쟁,페니 밸포어,61550
2287,주온: 더 파이널,키리야마 렌,61130
2288,주온: 더 파이널,타이라 아이리,61130
2289,결정적 한방,김정훈,60944
2290,결정적 한방,유동근,60944
2291,디센트: Part 2,크리스틴 커밍스,60801
2292,디센트: Part 2,슈어나 맥도널드,60801
2293,내 여자친구의 결혼식,마야 루돌프,60788
2294,마더 데레사,올리비아 핫세,60460
2295,마더 데레사,세바스찬 좀마,60460
2296,극장판 유희왕 : 시공을 초월한 우정,카자마 슌스케,60371
2297,두 남자,최민호,60365
2298,두 남자,김기현,60365
2299,님포매니악 볼륨1,샤를로뜨 갱스부르,60311
2300,님포매니악 볼륨1,스테이시 마틴,60311
2301,행오버 2,켄 정,60048
2302,더 퍼지 : 거리의 반란,프랭크 그릴로,59881
2303,더 퍼지 : 거리의 반란,자크 길포드,59881
2304,극장판 가면라이더 VS 파워레인저 슈퍼히어로 대전,이노우에 마사히로,59611
2305,극장판 가면라이더 VS 파워레인저 슈퍼히어로 대전,오자와 료타,59611
2306,다이애나,나빈 앤드류스,59243
2307,다이애나,더글라스 홋지,59243
2308,언더 더 쎄임 문,아드리안 알론소,58972
2309,언더 더 쎄임 문,유지니오 델베즈,58972
2310,언더 더 쎄임 문,케이트 델 카스틸로,58972
2311,엽문2,황효명,58928
2312,엽문2,홍금보,58928
2313,더 레슬러,에반 레이첼 우드,58677
2314,더 레슬러,마리사 토메이,58677
2315,순종,김은혜,58644
2316,마미,안토니-올리버 피론,58458
2317,마미,앤 도벌,58458
2318,마미,수잔 클레망,58458
2319,불의 전차,나이젤 하버스,58197
2320,불의 전차,니콜라스 파렐,58197
2321,불의 전차,벤 크로스,58197
2322,죽은 시인의 사회,로버트 숀 레오나드,58156
2323,웃는 남자,크리스타 테렛,57838
2324,웃는 남자,메리 필빈,57838
2325,웃는 남자,콘라드 바이트,57838
2326,웃는 남자,마크 앙드레 그롱당,57838
2327,달빛 길어올리기,강수연,57261
2328,밤의 해변에서 혼자,서영화,57056
2329,더 보이,로렌 코핸,56959
2330,더 보이,루퍼트 에반스,56959
2331,극장판 프랭키와 친구들: 생명의 나무,이소은,56860
2332,극장판 프랭키와 친구들: 생명의 나무,박정오,56860
2333,베스트 엑조틱 메리골드 호텔,톰 윌킨슨,56584
2334,그물,김영민,56553
2335,돌아온 파워레인저 미라클포스,오노 켄토,56454
2336,돌아온 파워레인저 미라클포스,사토 리카,56454
2337,드레스메이커,주디 데이비스,56316
2338,빅뱅 메이드,태양,56200
2339,빅뱅 메이드,G-드래곤,56200
2340,고녀석 맛나겠다2 : 함께라서 행복해,시영준,56105
2341,고녀석 맛나겠다2 : 함께라서 행복해,안장혁,56105
2342,래빗 스쿨,황창영,55784
2343,래빗 스쿨,민아,55784
2344,오다기리 죠의 도쿄타워,마츠 다카코,55746
2345,맨체스터 바이 더 씨,케이시 애플렉,55658
2346,스윙걸즈,간지야 시호리,55648
2347,위시 어폰,조이 킹,55586
2348,위시 어폰,이기홍,55586
2349,더 라이트: 악마는 있다,토비 존스,55561
2350,백설공주 : 사라진 아빠를 찾아서,이제인,55425
2351,잡아야 산다,한상혁,55011
2352,킬러들의 도시,브렌단 글리슨,54999
2353,파라노말 액티비티: 더 고스트 디멘션,브릿 쇼,54972
2354,파라노말 액티비티: 더 고스트 디멘션,아이비 조지,54972
2355,파라노말 액티비티: 더 고스트 디멘션,크리스 J. 머레이,54972
2356,5일의 마중,진도명,54960
2357,헤이와이어,지나 카라노,54874
2358,내 눈에 콩깍지,이지아,54514
2359,내 눈에 콩깍지,신현탁,54514
2360,파라노말 액티비티4,캐서린 뉴튼,54461
2361,살인소설,제임스 랜슨,54239
2362,살인소설,빈센트 도노프리오,54239
2363,대지진,쉬판,54198
2364,대지진,장국강,54198
2365,대지진,왕자문,54198
2366,매혹당한 사람들,앵거리 라이스,54041
2367,블러디 선데이,팀 피곳 스미스,53838
2368,블러디 선데이,제임스 네스빗,53838
2369,블랙 가스펠,정준,53217
2370,블랙 가스펠,김유미,53217
2371,"가장 따뜻한 색, 블루",살림 케치우셰,52880
2372,"가장 따뜻한 색, 블루",아델 에그자르코풀로스,52880
2373,콘트라밴드,발레리 홉슨,52743
2374,더 비지트,디애너 듀나건,52197
2375,더 비지트,에드 옥슨볼드,52197
2376,더 비지트,피터 맥로비,52197
2377,포인트 블랭크,리 마빈,52110
2378,포인트 블랭크,질 를르슈,52110
2379,포인트 블랭크,로쉬디 젬,52110
2380,포인트 블랭크,앤지 디킨슨,52110
2381,인시디어스,바바라 허쉬,52092
2382,트리 오브 라이프,피오나 쇼,51866
2383,폭풍전야,정윤민,51760
2384,스카이포스 3D,아론 크렙스,51553
2385,스카이포스 3D,헤더 고든,51553
2386,쿵푸 덩크,채탁연,51422
2387,사랑은 언제나 진행중,저스틴 바사,51362
2388,두 번의 결혼식과 한 번의 장례식,송용진,51118
2389,두 번의 결혼식과 한 번의 장례식,김동윤,51118
2390,더 킥,나태주,51024
2391,더 씽,에릭 크리스찬 올슨,50839
2392,도쿄타워,한다 켄토,50835
2393,도쿄타워,테라지마 시노부,50835
2394,윈드 리버,존 번탈,50813
2395,어메이징 그레이스,로몰라 가레이,50745
2396,어메이징 그레이스,마이클 갬본,50745
2397,킬 미,장문석,50730
2398,서울이 보이냐,이창훈,50699
2399,서울이 보이냐,오수아,50699
2400,포레스트: 죽음의 숲,나탈리 도메르,50631
2401,포레스트: 죽음의 숲,테일러 키니,50631
2402,포레스트: 죽음의 숲,이오인 맥큰,50631
2403,타인의 삶,울리히 뮤흐,50607
2404,더 테너 리리코 스핀토,이세야 유스케,50514
2405,"제자, 옥한흠",옥한흠,50392
2406,다이빙벨,이종인,50308
2407,"뉴욕에서 온 남자, 파리에서 온 여자",아담 골드버그,50289
2408,비밀,패트릭 브루엘,50196
2409,언더더씨,김연우,49958
2410,마음이 외치고 싶어해,이시이 안나,49832
2411,마음이 외치고 싶어해,미나세 이노리,49832
2412,마음이 외치고 싶어해,나카지마 켄토,49832
2413,마음이 외치고 싶어해,요시네 쿄코,49832
2414,어네스트와 셀레스틴,안느-마리 루프,49703
2415,어네스트와 셀레스틴,램버트 윌슨,49703
2416,에곤 쉴레: 욕망이 그린 그림,노아 자베드라,49388
2417,에곤 쉴레: 욕망이 그린 그림,마레지 리크너,49388
2418,우리들,최수인,49304
2419,우리들,이서연,49304
2420,우리들,설혜인,49304
2421,인 어 베러 월드,미카엘 페르스브란트,49109
2422,인 어 베러 월드,트린 다이럼,49109
2423,미스 사이공 : 25주년 특별 공연,홍광호,48931
2424,미스 사이공 : 25주년 특별 공연,에바 노블자다,48931
2425,미스 사이공 : 25주년 특별 공연,알리스태어 브래머,48931
2426,스트레이트 아웃 오브 컴턴,제이슨 미첼,48844
2427,스트레이트 아웃 오브 컴턴,오셔 잭슨 주니어,48844
2428,스트레이트 아웃 오브 컴턴,코리 호킨스,48844
2429,송 원,자니 플린,48396
2430,미스 슬로운,알리슨 필,48051
2431,베스트 오퍼,실비아 획스,48033
2432,목숨 건 연애,진백림,48010
2433,스탠리의 도시락,파토르 A. 굽트,47856
2434,잘못된 만남,성지루,47555
2435,잘못된 만남,최종원,47555
2436,안나와 알렉스 : 두자매 이야기,아리엘 케벨,47336
2437,엽문3: 최후의 대결,마이크 타이슨,47108
2438,뜨거운 안녕,이홍기,47105
2439,적인걸2 : 신도해왕의 비밀,조우정,47060
2440,적인걸2 : 신도해왕의 비밀,안젤라 베이비,47060
2441,케빈에 대하여,이즈라 밀러,47009
2442,무드 인디고,로맹 뒤리스,46998
2443,무드 인디고,게드 엘마레,46998
2444,호두까기인형 3D,존 터투로,46815
2445,호두까기인형 3D,네이단 레인,46815
2446,갤럭시 히어로즈: 라쳇 앤 클랭크,벨라 손,46793
2447,족구왕,강봉성,46735
2448,족구왕,황승언,46735
2449,스크림 4G,니브 캠벨,46723
2450,스크림 4G,데이빗 아퀘트,46723
2451,심야식당 2,오다기리 죠,46700
2452,냉정과 열정사이,다케노우치 유타카,46599
2453,"그 시절, 우리가 좋아했던 소녀",가진동,46458
2454,"그 시절, 우리가 좋아했던 소녀",진연희,46458
2455,"그 시절, 우리가 좋아했던 소녀",언승우,46458
2456,작은 연못,조혜진,46428
2457,작은 연못,김민재,46428
2458,하드코어 헨리,해일리 베넷,46373
2459,에코,아멜리아 워너,46183
2460,에코,케빈 두런드,46183
2461,에코,피터 스토메어,46183
2462,에코,제시 브래포드,46183
2463,에코,테오 할름,46183
2464,에코,킴 보드니아,46183
2465,에코,아스트로,46183
2466,에코,리스 하트위그,46183
2467,슈퍼윙스 3D,힐러리 더프,46124
2468,아프리카 마법여행,레오노르 와틀링,46031
2469,유레루,카가와 테루유키,46027
2470,스마트 피플,애쉬튼 홈즈,45810
2471,설계,오인혜,45726
2472,설계,신은경,45726
2473,한 번 더 해피엔딩,앨리슨 제니,45530
2474,리틀 프린세스 소피아: 엘레나와 비밀의 아발로 왕국,아리엘 윈터,45484
2475,리틀 프린세스 소피아: 엘레나와 비밀의 아발로 왕국,아이미 카레로,45484
2476,리틀 프린세스 소피아: 엘레나와 비밀의 아발로 왕국,제인 폰다,45484
2477,미운오리새끼,정예진,45454
2478,미운오리새끼,김준구,45454
2479,스페어,임준일,45442
2480,피케이: 별에서 온 얼간이,아누쉬카 샤르마,45349
2481,내가 죽기 전에 가장 듣고 싶은 말,셜리 맥클레인,45347
2482,부니 베어: 롤라 구출 대모험,홍진욱,45341
2483,부니 베어: 롤라 구출 대모험,임주현,45341
2484,댄서,세르게이 폴루닌,45265
2485,제독의 연인,콘스탄틴 카벤스키,44712
2486,제독의 연인,엘리자베타 보야르스카야,44712
2487,프리버즈: 밍쿠와 찌아의 도시 대탈출,김민국,44650
2488,프리버즈: 밍쿠와 찌아의 도시 대탈출,루이사나 로필라토,44650
2489,프리버즈: 밍쿠와 찌아의 도시 대탈출,마리아노 마르티네즈,44650
2490,부그와 엘리엇 2,마이크 엡스,44607
2491,부그와 엘리엇 2,조엘 맥헤일,44607
2492,글래디에이터: 로마 영웅 탄생의 비밀 3D,황광희,44441
2493,글래디에이터: 로마 영웅 탄생의 비밀 3D,김예원,44441
2494,우리별 일호와 얼룩소,장형윤,44411
2495,프랑켄위니,캐서린 오하라,44377
2496,프랑켄위니,찰리 타헨,44377
2497,약장수,이주실,44214
2498,성실한 나라의 앨리스,이해영,44074
2499,범죄의 여왕,김대현,43824
2500,범죄의 여왕,박지영,43824
2501,비카인드 리와인드,모스 데프,43721
2502,울브스,루카스 틸,43613
2503,울브스,메릿 패터슨,43613
2504,신주쿠 사건,타케나카 나오토,43516
2505,고백,박현영,43511
2506,고백,최철호,43511
2507,고백,오카다 마사키,43511
2508,고백,윤인조,43511
2509,그레이트 뷰티,토니 세르빌로,43274
2510,초속5센티미터,미즈하시 켄지,43199
2511,쥬라기 공원,샘 닐,43187
2512,호스트,맥스 아이언스,42972
2513,허니와 클로버,사쿠라이 쇼,42924
2514,스페이스 독,안나 볼쇼바,42720
2515,스페이스 독,옐레나 야코브레바,42720
2516,내일을 위한 시간,파브리지오 롱기온,42468
2517,헤드윅,존 카메론 밋첼,42415
2518,페이트 스테이 나이트 헤븐즈필 제1장 프레시지 플라워,카미야 히로시,42413
2519,페이트 스테이 나이트 헤븐즈필 제1장 프레시지 플라워,시타야 노리코,42413
2520,페이트 스테이 나이트 헤븐즈필 제1장 프레시지 플라워,스기야마 노리아키,42413
2521,그 사람 그 사랑 그 세상,이광기,42245
2522,그 사람 그 사랑 그 세상,강석우,42245
2523,황색 눈물,니노미야 카즈나리,42170
2524,후회하지 않아,조현철,42029
2525,예감은 틀리지 않는다,샬롯 램플링,41994
2526,예감은 틀리지 않는다,에밀리 모티머,41994
2527,천국에 다녀온 소년,켈리 라일리,41957
2528,천국에 다녀온 소년,코너 코롬,41957
2529,무지개 여신,이치하라 하야토,41888
2530,도쿄!,후지타니 아야코,41572
2531,도쿄!,카세 료,41572
2532,스푹스:MI5,피터 퍼스,41416
2533,레이디버그,홍시호,41041
2534,하트 브레이커,줄리 페리어,40975
2535,하트 브레이커,바네사 파라디,40975
2536,몽상가들,루이스 가렐,40924
2537,세이프 헤이븐,줄리안 허프,40813
2538,데모닉,코디 혼,40643
2539,블레임 : 인류멸망 2011,단 레이,40595
2540,마오의 라스트 댄서,츠 차오,40519
2541,그레이브 인카운터,맥켄지 그레이,40515
2542,그레이브 인카운터,주안 리딩거,40515
2543,그레이브 인카운터,숀 로저슨,40515
2544,유고와 라라: 하늘고래와 구름섬 대모험,박리나,40374
2545,유고와 라라: 하늘고래와 구름섬 대모험,이재현,40374
2546,이모티: 더 무비,T.J. 밀러,40372
2547,누들,밀리 아비탈,40322
2548,누들,바오치 첸,40322
2549,"웰컴, 삼바",타하르 라힘,40321
2550,도화선,예성,40163
2551,아델라인 : 멈춰진 시간,미치엘 휘즈먼,40096
2552,아델라인 : 멈춰진 시간,캐시 베이커,40096
2553,산상수훈,백서빈,40073
2554,산상수훈,정준영,40073
2555,산상수훈,최이선,40073
2556,훈장과 악동들,김환,39916
2557,훈장과 악동들,송영준,39916
2558,훈장과 악동들,송규호,39916
2559,말하는 건축가,승효상,39760
2560,말하는 건축가,정기용,39760
2561,말하는 건축가,유걸,39760
2562,인피니트 콘서트 세컨드 인베이전 에볼루션 더 무비 3D,김성규,39577
2563,인피니트 콘서트 세컨드 인베이전 에볼루션 더 무비 3D,남우현,39577
2564,인피니트 콘서트 세컨드 인베이전 에볼루션 더 무비 3D,장동우,39577
2565,극장전,이승아,39555
2566,극장전,이기우,39555
2567,그날 본 꽃의 이름을 우리는 아직 모른다,사쿠라이 타카히로,39454
2568,스트리트 댄스 2: 라틴배틀,폴크 헨쉘,39394
2569,스트리트 댄스 2: 라틴배틀,조지 샘슨,39394
2570,구구는 고양이다,코이즈미 쿄코,39003
2571,비상,김치우,38993
2572,비상,최태욱,38993
2573,4등,이항나,38909
2574,4등,유재상,38909
2575,동급생,노지마 켄지,38905
2576,동급생,이시카와 히데오,38905
2577,목숨,신창열,38771
2578,목숨,김호경,38771
2579,타이밍,성완경,38629
2580,신은 죽지 않았다 2,멜리사 조안 하트,38428
2581,신은 죽지 않았다 2,제시 멧칼피,38428
2582,신은 죽지 않았다,케빈 소르보,38379
2583,신은 죽지 않았다,트리샤 라파체,38379
2584,신은 죽지 않았다,쉐인 하퍼,38379
2585,탑 블레이드 더 무비,나가사와 나오,38349
2586,탑 블레이드 더 무비,쿠마이 모토코,38349
2587,폭풍우 치는 밤에: 비밀 친구,요시노 히로유키,38347
2588,폭풍우 치는 밤에: 비밀 친구,쿠기미야 리에,38347
2589,아무도 모른다,야기라 유야,38315
2590,아무도 모른다,키타우라 아유,38315
2591,나의 그리스식 웨딩 2,엘레나 캠푸리스,38305
2592,나의 그리스식 웨딩 2,존 코베트,38305
2593,트릭,로버트 데 후흐,38262
2594,트릭,빈센트 레건,38262
2595,트릭,로버트 카버너,38262
2596,트릭,스티븐 마커스,38262
2597,흑집사 -북 오브 더 아틀란틱-,사카모토 마아야,38224
2598,흑집사 -북 오브 더 아틀란틱-,오노 다이스케,38224
2599,갓파 쿠와 여름방학을,요코카와 다카히로,38202
2600,갓파 쿠와 여름방학을,도미자와 가자토,38202
2601,식코,마이클 무어,37965
2602,위아 유어 프렌즈,에밀리 라타이코프스키,37853
2603,쟈니 잉글리쉬2 : 네버다이,로완 앳킨슨,37823
2604,쟈니 잉글리쉬2 : 네버다이,질리언 앤더슨,37823
2605,몬스터 왕국,김준호,37816
2606,한여름의 판타지아,임형국,36841
2607,파가니니: 악마의 바이올리니스트,조엘리 리처드슨,36808
2608,파가니니: 악마의 바이올리니스트,자레드 해리스,36808
2609,파가니니: 악마의 바이올리니스트,데이비드 가렛,36808
2610,더 헌트,토마스 보 라센,36503
2611,더 헌트,알렉산드라 라파포르,36503
2612,가필드 펫 포스 3D,김영선,36454
2613,령 : 저주받은 사진,야마야 카스미,36371
2614,령 : 저주받은 사진,나카조 아야미,36371
2615,령 : 저주받은 사진,모리카와 아오이,36371
2616,다크 하우스,제시카 론디스,36350
2617,시네마 천국,브리지트 포세이,36109
2618,시네마 천국,필립 느와레,36109
2619,시네마 천국,자끄 페렝,36109
2620,스쿨 오브 락,마이크 화이트,36091
2621,마법의 세계 녹터나,박지빈,36078
2622,빌리와 용감한 녀석들: 치킨 히어로,오마 카파로,35937
2623,빌리와 용감한 녀석들: 치킨 히어로,브루노 비치어,35937
2624,빌리와 용감한 녀석들: 치킨 히어로,안젤리카 베일,35937
2625,녹터널 애니멀스,마이클 섀넌,35881
2626,누구의 딸도 아닌 해원,김자옥,35697
2627,아이 엠 러브,에도아르도 가브리엘리니,35636
2628,아이 엠 러브,플라비오 파렌티,35636
2629,비투스,테오 게오르규,35536
2630,서태지밴드 라이브 투어,서태지 밴드,35514
2631,브루클린의 멋진 주말,캐리 프레스톤,35504
2632,잠깐만 회사 좀 관두고 올게,쿠도 아스카,35429
2633,잠깐만 회사 좀 관두고 올게,쿠로키 하루,35429
2634,엘르,아나이스 드무스티에,35368
2635,엘르,프랑수아 시빌,35368
2636,엘르,앤 콘시니,35368
2637,엘르,로랑 라피트,35368
2638,뫼비우스,이은우,35348
2639,뫼비우스,서영주,35348
2640,두레소리,김슬기,35340
2641,두레소리,조아름,35340
2642,두레소리,함현상,35340
2643,드래곤 헌터,김기리,34984
2644,우리 학교,김화수,34793
2645,우리 학교,조명수,34793
2646,우리 학교,조경래,34793
2647,어메이징 메리,린제이 던컨,34777
2648,어메이징 메리,맥케나 그레이스,34777
2649,처음 본 그녀에게 프로포즈하기,제이슨 빅스,34690
2650,위핏,마샤 게이 하든,34680
2651,음모자,케빈 클라인,34625
2652,7번째 내가 죽던 날,조이 도이치,34567
2653,7번째 내가 죽던 날,할스톤 세이지,34567
2654,임피 원더랜드 가다,앙케 엥겔케,34474
2655,배틀 오브 비보이,조쉬 펙,34261
2656,배틀 오브 비보이,조쉬 홀로웨이,34261
2657,더 플랜,김어준,34225
2658,초콜렛 도넛,아이작 레이바,34118
2659,초콜렛 도넛,알란 커밍,34118
2660,초콜렛 도넛,가렛 딜라헌트,34118
2661,나를 미치게 하는 여자,에이미 슈머,34055
2662,사랑도 통역이 되나요?,지오바니 리비시,33859
2663,코난: 암흑의 시대,레이첼 니콜스,33683
2664,꼬마 잠수함 올리 2,최윤정,33668
2665,팔로우,다니엘 조바토,33512
2666,팔로우,키어 길크리스,33512
2667,팔로우,마이카 먼로,33512
2668,미션,에이단 퀸,33369
2669,태양의 노래,유이,33369
2670,태양의 노래,츠카모토 타카시,33369
2671,"땡큐, 대디",자크 검블린,33066
2672,"땡큐, 대디",알렉산드라 라미,33066
2673,I AM,정윤호,33018
2674,I AM,심창민,33018
2675,시작은 키스!,브뤼노 토데쉬니,32877
2676,다가오는 것들,에디뜨 스콥,32732
2677,걸어도 걸어도,나츠카와 유이,32635
2678,걸어도 걸어도,하야기 료가,32635
2679,걸어도 걸어도,요우,32635
2680,꼭두각시,원기준,32628
2681,꼭두각시,구지성,32628
2682,꼭두각시,이종수,32628
2683,19-Nineteen,T.O.P,32616
2684,19-Nineteen,승리,32616
2685,대결,부르빌,32278
2686,대결,지안 마리아 볼론테,32278
2687,대결,뷜 오지에,32278
2688,대결,장 바빌레,32278
2689,대결,알랑 드롱,32278
2690,대결,줄리엣 베르토,32278
2691,러스트 앤 본,보울리 라너스,32165
2692,러스트 앤 본,마티아스 쇼에나에츠,32165
2693,극장판 유희왕 더 다크 사이드 오브 디멘션즈,장성호,32117
2694,밀림의 왕자 레오: 세상을 바꾸는 용기,윤미나,31926
2695,소명 3 : 히말라야의 슈바이처,강원희,31835
2696,소명 3 : 히말라야의 슈바이처,신애라,31835
2697,소명 3 : 히말라야의 슈바이처,최화순,31835
2698,사랑 후에 남겨진 것들,엘마 웨퍼,31748
2699,사랑 후에 남겨진 것들,한넬로레 엘스너,31748
2700,그랜드파더,고보결,31640
2701,나는 부정한다,티모시 스폴,31638
2702,동경가족,요시유키 카즈코,31575
2703,동경가족,하시즈메 이사오,31575
2704,단지 세상의 끝,나탈리 베이,31524
2705,어떤 시선,임성철,31483
2706,꼬마 니콜라의 여름방학,발레리 르메시에,31368
2707,꼬마 니콜라의 여름방학,마테오 부와슬리에,31368
2708,굿모닝 맨하탄,아딜 후세인,31334
2709,굿모닝 맨하탄,스리데비,31334
2710,루터,알프리드 몰리나,31314
2711,루터,브루노 간츠,31314
2712,날나리 종부전,장민호,31236
2713,날나리 종부전,박정아,31236
2714,"연공:안녕, 사랑하는 모든 것",아라가키 유이,31183
2715,"연공:안녕, 사랑하는 모든 것",미우라 하루마,31183
2716,파울볼,김성근,31137
2717,파울볼,박지은,31137
2718,벨과 세바스찬,체키 카료,30900
2719,벨과 세바스찬,펠릭스 보쉬,30900
2720,벨과 세바스찬,얼바인 캔슬리어,30900
2721,옹박: 더 레전드,토니 자,30565
2722,할로윈:살인마의 탄생,스카우트 테일러-콤프튼,30544
2723,할로윈:살인마의 탄생,말콤 맥도웰,30544
2724,언노운 우먼,미첼 프라치도,30503
2725,언노운 우먼,크세니야 라포포트,30503
2726,리빙보이 인 뉴욕,칼럼 터너,30379
2727,마인드스케이프,타이사 파미가,30257
2728,극장판 나루토 질풍전: 로드 투 닌자,나카무라 치에,30195
2729,극장판 나루토 질풍전: 로드 투 닌자,모리카와 토시유키,30195
2730,"나의 사랑, 그리스",크리스토퍼 파파칼리아티스,30181
2731,"나의 사랑, 그리스",안드레아 오스바트,30181
2732,지골로 인 뉴욕,우디 앨런,30140
2733,역모-반란의 시대,정해인,30116
2734,카사노바,도날드 서덜랜드,29905
2735,카사노바,티나 오몬트,29905
2736,브레이브 스토리,웬츠 에이지,29880
2737,소명 2-모겐족의 월드컵,강성민,29668
2738,소명 2-모겐족의 월드컵,김성주,29668
2739,소명 2-모겐족의 월드컵,장미연,29668
2740,춘희막이,김춘희,29543
2741,춘희막이,최막이,29543
2742,잉여들의 히치하이킹,이현학,29478
2743,잉여들의 히치하이킹,하승엽,29478
2744,잉여들의 히치하이킹,이호재,29478
2745,너브,엠마 로버츠,29441
2746,너브,줄리엣 루이스,29441
2747,세 번째 살인,히로세 스즈,29361
2748,서칭 포 슈가맨,시스토 로드리게즈,29358
2749,서칭 포 슈가맨,말릭 벤젠룰,29358
2750,패터슨,골시프테 파라하니,29277
2751,매직울프,토마스 이안 니콜라스,29204
2752,분노,와타나베 켄,29176
2753,분노,모리야마 미라이,29176
2754,저 하늘에도 슬픔이,김유나,29129
2755,저 하늘에도 슬픔이,허준영,29129
2756,꼬마잠수함 올리,김자연,29114
2757,버터플라이,클레어 부아닉,28799
2758,버터플라이,나드 디유,28799
2759,버터플라이,미셸 세로,28799
2760,데스노트: 더 뉴 월드,토다 에리카,28723
2761,데스노트: 더 뉴 월드,이케마츠 소스케,28723
2762,마리안느와 마가렛,박정환,28722
2763,마리안느와 마가렛,마리안느 스퇴거,28722
2764,마리안느와 마가렛,마가렛 피사렉,28722
2765,대부,말론 브란도,28569
2766,카페 6,동자건,28452
2767,카페 6,임백굉,28452
2768,카페 6,안탁령,28452
2769,더 폴: 오디어스와 환상의 문,카틴카 언타루,28123
2770,더 폴: 오디어스와 환상의 문,리 페이스,28123
2771,시간,김성민,28021
2772,뚜르: 내 생애 최고의 49일,전일우,27908
2773,뚜르: 내 생애 최고의 49일,이윤혁,27908
2774,왓 이프,조 카잔,27818
2775,무림여대생,온주완,27714
2776,무림여대생,유건,27714
2777,앙: 단팥 인생 이야기,나가세 마사토시,27641
2778,쾌걸 조로리의 대대대대모험,신보라,27598
2779,쾌걸 조로리의 대대대대모험,정태호,27598
2780,그루지 3,마이크 스트라웁,27489
2781,그루지 3,샤니 스미스,27489
2782,그루지 3,매튜 나이트,27489
2783,라자루스,에반 피터스,27445
2784,라자루스,마크 듀플라스,27445
2785,내게 남은 사랑을,권소현,27414
2786,리멤버 미,크리스 쿠퍼,27384
2787,리멤버 미,에밀리 드 라빈,27384
2788,몬스터 헌트,정백연,27382
2789,몬스터 헌트,백백하,27382
2790,더 시크릿,왕락단,27380
2791,더 시크릿,상드린 피나,27380
2792,어떤 만남,소피 마르소,27340
2793,안소니 짐머,이반 아탈,27335
2794,마녀배달부 키키,사쿠마 레이,27236
2795,전차남,야마다 타카유키,27207
2796,전차남,나카타니 미키,27207
2797,로스트 인 파리,도미니크 아벨,27206
2798,로스트 인 파리,피오나 고든,27206
2799,페어러브,김은미,27083
2800,4요일: 자살을 부르는 요일,정운택,26962
2801,4요일: 자살을 부르는 요일,임예원,26962
2802,4요일: 자살을 부르는 요일,단소영,26962
2803,선샤인 온 리스,피터 뮬란,26815
2804,선샤인 온 리스,제인 호록스,26815
2805,선샤인 온 리스,조지 맥케이,26815
2806,재키,피터 사스가드,26788
2807,몬스터 섬의 비밀,박정욱,26739
2808,몬스터 섬의 비밀,조연우,26739
2809,몬스터 섬의 비밀,박상우,26739
2810,부에나 비스타 소셜 클럽,꼼빠이 세군도,26718
2811,부에나 비스타 소셜 클럽,조아킴 쿠더,26718
2812,"내 어깨 위 고양이, 밥",루타 게드민타스,26652
2813,"내 어깨 위 고양이, 밥",조앤 프로갯,26652
2814,"내 어깨 위 고양이, 밥",루크 트레더웨이,26652
2815,메소드,오승훈,26577
2816,메소드,윤승아,26577
2817,뉴 스텝업: 어반댄스,스탠 워커,26488
2818,뉴 스텝업: 어반댄스,케링튼 페인,26488
2819,뉴 스텝업: 어반댄스,티아 마이피,26488
2820,소림소녀,나카무라 토오루,26434
2821,원 포 더 머니,다니엘 선자타,26387
2822,원 포 더 머니,제이슨 오마라,26387
2823,트레이서,마리 아브게로폴로스,26264
2824,미스 리틀 선샤인,토니 콜레뜨,26251
2825,배저로와 친구들: 신비한 모험,최한,26185
2826,이노센스,타나카 아츠코,26116
2827,이노센스,야마데라 코이치,26116
2828,이노센스,조 오클래어,26116
2829,이노센스,오츠카 아키오,26116
2830,기적의 오케스트라 - 엘 시스테마,호세 안토니오 아브레우,26107
2831,기적의 오케스트라 - 엘 시스테마,구스타보 두다멜,26107
2832,잠수종과 나비,마티유 아말릭,26085
2833,잠수종과 나비,엠마누엘 자이그너,26085
2834,슈퍼 버드,치치 마린,25964
2835,슈퍼 버드,에드워드 제임스 올모스,25964
2836,콘스탄트 가드너,레이 와이즈,25838
2837,파수꾼,서준영,25774
2838,사다코 대 카야코,타마시로 티나,25680
2839,사다코 대 카야코,야마모토 미즈키,25680
2840,트래쉬,릭슨 테베즈,25532
2841,자전거 탄 소년,토마 도레,25511
2842,낮술,육상엽,25409
2843,낮술,탁성준,25409
2844,낮술,송삼동,25409
2845,언노운 걸,아델 하에넬,25176
2846,언노운 걸,올리비에 구르메,25176
2847,빅 픽처,마리나 포이스,25120
2848,예언자,닐스 아르스트럽,25097
2849,컴 아웃 파이팅,줄라이 헤나오,25052
2850,꿈의 제인,이주영,24995
2851,꿈의 제인,이민지,24995
2852,8월의 크리스마스,심은하,24978
2853,카이: 거울 호수의 전설,강진아,24977
2854,카이: 거울 호수의 전설,박고운,24977
2855,지상의 별처럼,다쉴 사페리,24965
2856,윈드랜드,탁원정,24936
2857,윈드랜드,권문정,24936
2858,워리어,닉 놀테,24802
2859,피나,피나 바우쉬,24676
2860,자토이치,기타노 다케시,24634
2861,자토이치,아사노 타다노부,24634
2862,자토이치,오쿠스 미치요,24634
2863,키즈모노가타리 I : 철혈편,호리에 유이,24536
2864,나이스 가이즈,맷 보머,24471
2865,종이 달,미야자와 리에,24418
2866,종이 달,코바야시 사토미,24418
2867,"안녕, 나의 소울메이트",마사순,24381
2868,"안녕, 나의 소울메이트",주동우,24381
2869,"안녕, 나의 소울메이트",이정빈,24381
2870,레전드 오브 래빗: 불의 전설,이명희,24351
2871,레전드 오브 래빗: 불의 전설,문유정,24351
2872,레전드 오브 래빗: 불의 전설,이재범,24351
2873,슈퍼오리 : 태양을 지켜라,방지원,24319
2874,슈퍼오리 : 태양을 지켜라,오은수,24319
2875,아부지,박탐희,24224
2876,더 데이,김준수,24163
2877,연애담,이상희,24102
2878,연애담,박근록,24102
2879,연애담,류아벨,24102
2880,폭풍의 언덕,폴 힐튼,24077
2881,폭풍의 언덕,메를 오베론,24077
2882,폭풍의 언덕,제임스 호손,24077
2883,글루미 선데이,스테파노 디오니시,24056
2884,글루미 선데이,조아킴 크롤,24056
2885,글루미 선데이,에리카 마로잔,24056
2886,스즈미야 하루히의 소실,치하라 미노리,24055
2887,스즈미야 하루히의 소실,스기타 토모카즈,24055
2888,스즈미야 하루히의 소실,마츠오카 유키,24055
2889,원스 어폰 어 타임 인 아메리카,엘리자베스 맥거번,24035
2890,원스 어폰 어 타임 인 아메리카,트리트 윌리엄스,24035
2891,해피 플라이트,타나베 세이이치,24022
2892,거인,최우식,24020
2893,거인,강신철,24020
2894,45년 후,톰 커트니,23993
2895,히어로,김형규,23841
2896,히어로,한정우,23841
2897,히어로,한예원,23841
2898,히어로,정은표,23841
2899,고스트 메신저 극장판,은정,23802
2900,고스트 메신저 극장판,박성태,23802
2901,언프렌드,윌리엄 모즐리,23688
2902,언프렌드,알리시아 데브넘 캐리,23688
2903,언프렌드,리슬 알러스,23688
2904,MR. 후아유,루퍼트 그레이브즈,23661
2905,사울의 아들,게자 뢰리히,23651
2906,부에노스 아이레스에서 사랑에 빠질 확률,하비에르 드롤라스,23614
2907,부에노스 아이레스에서 사랑에 빠질 확률,피욜라 로페즈 드 아야라,23614
2908,폼포코 너구리 대작전,신초우 코콘데이,23587
2909,폼포코 너구리 대작전,이시다 유리코,23587
2910,폼포코 너구리 대작전,노노무라 마코토,23587
2911,레이디 맥베스,플로렌스 퓨,23568
2912,혐오스런 마츠코의 일생,에이타,23546
2913,디노타샤: 공룡대탐험,곽윤상,23530
2914,디노타샤: 공룡대탐험,베르너 헤어조크,23530
